relative_path,sha256
pythia-410m-seed1/step0/EleutherAI__pythia-410m/results_2024-08-15T16-33-53.589882.json,df37450f0d19535b04517d2eec60c241f1c3ef6df70401278abd66b69ecb3ddd
pythia-410m-seed1/step1/EleutherAI__pythia-410m/results_2024-08-15T16-36-01.384248.json,64567a1921ce14b2d3a8165927700c48bd8cf5bf422b68f846bea5bcd0202259
pythia-410m-seed1/step1000/EleutherAI__pythia-410m/results_2024-08-15T16-57-04.476374.json,2b9e16467fd3f7424a1a053b1111b39e8d96d660e77ba9581b498703990f29bb
pythia-410m-seed1/step10000/EleutherAI__pythia-410m/results_2024-08-15T17-16-57.465248.json,0460d5a6611fd115d5aa60c823d17fd864bbe7825207d3ca38d8f50f93ca05d9
pythia-410m-seed1/step100000/EleutherAI__pythia-410m/results_2024-08-15T20-59-01.770423.json,6ca8e610a55c974115324a33c5cffa22eef9158fe8e73f62aa612b91664cf450
pythia-410m-seed1/step101000/EleutherAI__pythia-410m/results_2024-08-15T21-01-24.317714.json,591ae45be44e3e1b8809b2fa66328eca077e1d1f6d389c5b9e681f153988ed4d
pythia-410m-seed1/step102000/EleutherAI__pythia-410m/results_2024-08-15T21-04-12.422742.json,c203891e9abcd8fd09f51939dc69c8934bf9d54ce565d535bd293228a80b147a
pythia-410m-seed1/step103000/EleutherAI__pythia-410m/results_2024-08-15T21-06-44.290583.json,19c373ba57a9a234b8d7ff5c4d6d81474e3d73bdbae856494e4e406fcd63b674
pythia-410m-seed1/step104000/EleutherAI__pythia-410m/results_2024-08-15T21-08-52.359120.json,687e62a35c5147ac47a8425eb30265b60b27ecd4b6632e043b9a84e805eb90fc
pythia-410m-seed1/step105000/EleutherAI__pythia-410m/results_2024-08-15T21-11-17.073610.json,e02f06ed72e0bc888c74a9e52e308cb33c749c497da553a774bbaf631271a2c6
pythia-410m-seed1/step106000/EleutherAI__pythia-410m/results_2024-08-15T21-13-37.482608.json,94bc538088945334719f33b9586d3ad457a0207f2d46dde29863b16a673edb3b
pythia-410m-seed1/step107000/EleutherAI__pythia-410m/results_2024-08-15T21-16-02.224961.json,4b40d53987fe8019d79b052291d1f70ee8e8f952e9a8f87c68653172783d1f23
pythia-410m-seed1/step108000/EleutherAI__pythia-410m/results_2024-08-15T21-19-20.644435.json,829c16d8fa0535944642021a45b0390368b262134621872c5217532241f2fca7
pythia-410m-seed1/step109000/EleutherAI__pythia-410m/results_2024-08-15T21-21-46.930692.json,0ea08427529b61334f5f537b453a04ce85190ed0767d6c4fb4e502c669b5bc26
pythia-410m-seed1/step11000/EleutherAI__pythia-410m/results_2024-08-15T17-18-49.446382.json,adbf73c9913f79b322d4fc674977264dc9bf2dd433eb16cb511cf9ebed9e0018
pythia-410m-seed1/step110000/EleutherAI__pythia-410m/results_2024-08-15T21-24-04.885783.json,4e0e7de527e2ca93fc56a6f939f01b119724cbf19415e4f9c2373dc72dc996b0
pythia-410m-seed1/step111000/EleutherAI__pythia-410m/results_2024-08-15T21-26-34.246941.json,d20d0db91dd82525ad929a35b69f0ead6317b08c82260c98f6b48f0fdc764495
pythia-410m-seed1/step112000/EleutherAI__pythia-410m/results_2024-08-15T21-28-54.850491.json,22e8f75edf167aab3867e07336951de14f53741367f6a17b253fe3f343b851ac
pythia-410m-seed1/step113000/EleutherAI__pythia-410m/results_2024-08-15T21-31-34.388625.json,96061dc2cf90dd31b2b96f96e0d5f03a7adafc64635d5947c49581d9a11710b8
pythia-410m-seed1/step114000/EleutherAI__pythia-410m/results_2024-08-15T21-34-21.396411.json,8dfde9ceef97283788efdfd2b961126427d48ed7cdbadb79c1a0657866eebfa6
pythia-410m-seed1/step115000/EleutherAI__pythia-410m/results_2024-08-15T21-37-05.351609.json,9bba337be8222d5edce94e672792c0cbd59774fde0f2a0dd7f7c60041c95b6a6
pythia-410m-seed1/step116000/EleutherAI__pythia-410m/results_2024-08-15T21-38-56.113166.json,aa91e5e63e377448a647ce3a05a309e963e13f05e04661978a11e00850b8b6fb
pythia-410m-seed1/step117000/EleutherAI__pythia-410m/results_2024-08-15T21-40-49.095104.json,91bcb048c76fa9913c42348130ee24fa791793a62d499637630d5db2bfab4729
pythia-410m-seed1/step118000/EleutherAI__pythia-410m/results_2024-08-15T21-43-21.505684.json,9874ac62b14e6a065b6cb618cc28dd49cbcb75a7612552f234810b203809228c
pythia-410m-seed1/step119000/EleutherAI__pythia-410m/results_2024-08-15T21-46-05.702790.json,60012e458d1d10406128ebc7a86c4466faaab8fa58e30845491e463f34194d9b
pythia-410m-seed1/step12000/EleutherAI__pythia-410m/results_2024-08-15T17-21-00.480075.json,e246d7aad57a952cf5e93c986a9288185ac14e3e8b101f5799d668d7108d9a32
pythia-410m-seed1/step120000/EleutherAI__pythia-410m/results_2024-08-15T21-48-29.643237.json,7ff4d18ff002a213620ed20a82f25f8c71704fb5ab111465b711ec0e73093f25
pythia-410m-seed1/step121000/EleutherAI__pythia-410m/results_2024-08-15T21-50-59.398277.json,48f73ef1bba341e29cd6b9b0ee71fa4dea3c91acaeb0c055e135cb18e96be81b
pythia-410m-seed1/step122000/EleutherAI__pythia-410m/results_2024-08-15T21-52-53.640033.json,a9b49602c054b40061e84a816f4f504fff6be26357c29c38a1e98e7e8437525a
pythia-410m-seed1/step123000/EleutherAI__pythia-410m/results_2024-08-15T21-54-52.776718.json,ed8680526a1ecdddee80a86a825af6787e07cfb606797dd7e5445fc0ae0b1be8
pythia-410m-seed1/step124000/EleutherAI__pythia-410m/results_2024-08-15T21-57-09.763897.json,feb6389e643986d0b9c403ea688f62083a93f47371e7aeff77ffc4fdceed3cb3
pythia-410m-seed1/step125000/EleutherAI__pythia-410m/results_2024-08-15T21-59-43.518533.json,3f4a2002f086fcbb1f8f2cf6e92e398c43621c8c02c8b2d158c8e6e5f50184bb
pythia-410m-seed1/step126000/EleutherAI__pythia-410m/results_2024-08-15T22-02-06.884396.json,ea3f07622823f61f13be4fda218d555745035fa0a5f4dbbc4e1cade2b6067a53
pythia-410m-seed1/step127000/EleutherAI__pythia-410m/results_2024-08-15T22-04-21.783428.json,db60e8de375b44a78e46f426c4ea6b6151b54f7a4614cf874123e5856b21ac3b
pythia-410m-seed1/step128/EleutherAI__pythia-410m/results_2024-08-15T16-51-03.601478.json,df41d7556b871031418034b97aaf5990cc4ae27da23e06c8ccdd1d4aefee8d53
pythia-410m-seed1/step128000/EleutherAI__pythia-410m/results_2024-08-15T22-06-52.675786.json,f065d3e98b9d0d7f29d7c4fe2ed40e5beb9aab820559efb716f2fdf651821192
pythia-410m-seed1/step129000/EleutherAI__pythia-410m/results_2024-08-15T22-10-35.485699.json,272bfb426e8d168ec9b95a89704b4a1b64a3bc4875c7f1bcc4c01a29acc08ee2
pythia-410m-seed1/step13000/EleutherAI__pythia-410m/results_2024-08-15T17-23-10.741630.json,00fda41b574acd21cdf10e8e4cc7611981e46fe039abd51ef11a5c4ab4f4b0b5
pythia-410m-seed1/step130000/EleutherAI__pythia-410m/results_2024-08-15T22-13-23.277797.json,aa50ff04431a95a5249ed87fcc85b61909f65a7d6bfe724b6f96191c1dd6118f
pythia-410m-seed1/step131000/EleutherAI__pythia-410m/results_2024-08-15T22-15-48.689804.json,f69b8a3a8fb027be771330d438e47c428a999be92bd5be959c0cfd1a943af084
pythia-410m-seed1/step132000/EleutherAI__pythia-410m/results_2024-08-15T22-18-16.508896.json,3c730e08ab2d2bcdc9fd72c482d3899d8b693284475ecd631fc076693e6cfa7a
pythia-410m-seed1/step133000/EleutherAI__pythia-410m/results_2024-08-15T22-20-38.570381.json,fddd943f6c0cc3d919c34b7c136e02360a19086a62fff9aacfcd88abf42fba2f
pythia-410m-seed1/step134000/EleutherAI__pythia-410m/results_2024-08-15T22-23-09.622046.json,0c21b00b0c38ee3576f9ffa2bdfc1b3525d2e9fdcf330679a5b0fedf0a95b1ec
pythia-410m-seed1/step135000/EleutherAI__pythia-410m/results_2024-08-15T22-25-47.674531.json,a8115166fa61b0e54259adc39ae7dbf10f85893fb7e17426c4d9955127456273
pythia-410m-seed1/step137000/EleutherAI__pythia-410m/results_2024-08-15T22-29-00.782246.json,fefb96878cffa1c5d0c8a0e00c36ca87561af2e8cd4445767cad9ee5c962fd11
pythia-410m-seed1/step138000/EleutherAI__pythia-410m/results_2024-08-15T22-31-39.058003.json,c4dc7568999f7a53431cf28d539b16ea856eaa29806482b3b7b69646c2b3361c
pythia-410m-seed1/step139000/EleutherAI__pythia-410m/results_2024-08-15T22-34-21.187268.json,49cb72da20c4dd55e531a4b0742df1b0baf7052917b807b23ad69319a19a72a2
pythia-410m-seed1/step14000/EleutherAI__pythia-410m/results_2024-08-15T17-25-20.578839.json,5bbd294f85a6e9656b26c31c6cb54abb1f595116c7bd47b3c5a2ae98e6f47c85
pythia-410m-seed1/step140000/EleutherAI__pythia-410m/results_2024-08-15T22-36-48.844670.json,c9a1c064cb0f33658fb93656144af96ea3e4d0cb20e61379a276d660dd9210a7
pythia-410m-seed1/step141000/EleutherAI__pythia-410m/results_2024-08-15T22-39-12.574271.json,5e3857ac52323e851c2cd7e07bfcf57eb84e4ca124ce31b440a53db330f60c67
pythia-410m-seed1/step142000/EleutherAI__pythia-410m/results_2024-08-15T22-41-43.279338.json,4127dfddd2d8a51bc8205fa083f9ccaa6556d6f97e7821d5bb861cff6c0b11be
pythia-410m-seed1/step143000/EleutherAI__pythia-410m/results_2024-08-15T22-44-03.895465.json,8dfe8f071a44f15d93065ea10b157f87e3640ff2d2bd7d8a3cfc8c6165bebd60
pythia-410m-seed1/step15000/EleutherAI__pythia-410m/results_2024-08-15T17-27-29.556630.json,8c0d7e6ef13e981e81a405353a471081a7db879436d00fe821a5b562b383d353
pythia-410m-seed1/step16/EleutherAI__pythia-410m/results_2024-08-15T16-44-30.634299.json,c4d9ddfff0131d602b81eda96b33c8221699deb3cca5c94fc1a1740ee9a95474
pythia-410m-seed1/step16000/EleutherAI__pythia-410m/results_2024-08-15T17-29-46.283417.json,faa443a6a7de11dd44a941bbdbf0a0bcdcd243342c8b2d9235e02a1781352af4
pythia-410m-seed1/step17000/EleutherAI__pythia-410m/results_2024-08-15T17-31-41.152894.json,e650d997f21d03acfdf82ac55959cdac9981aa2f5fc8a786cfbb4861127b860c
pythia-410m-seed1/step18000/EleutherAI__pythia-410m/results_2024-08-15T17-33-48.954348.json,ca30fe2782fb7938ccbcad6e995c4a53c6b855b03fba68f6dd2280f62d3e1bd5
pythia-410m-seed1/step19000/EleutherAI__pythia-410m/results_2024-08-15T17-35-56.204204.json,fc7eb3ec50669c4c1627cdf9251236f84be15948eddb3e7251f4fea5acdf45a4
pythia-410m-seed1/step2/EleutherAI__pythia-410m/results_2024-08-15T16-38-09.921834.json,ecbd124bcf06f2bfcd4d0a607697b4b8336ae16118f51a387427cf08e69a5236
pythia-410m-seed1/step2000/EleutherAI__pythia-410m/results_2024-08-15T16-59-21.518462.json,247fd735db4e1c210fd099ed823b092d426b65bf239cdfa2e4be1f5ca16e155f
pythia-410m-seed1/step20000/EleutherAI__pythia-410m/results_2024-08-15T17-38-02.534513.json,b75f652bde4010cbf91974d038d4d2853744de7a77023a0ef15b4d69c022283e
pythia-410m-seed1/step21000/EleutherAI__pythia-410m/results_2024-08-15T17-40-09.624601.json,bdae1dbaf177f42b42d5d17860296b7e7652aaea92d8c053da1f02b61160d46e
pythia-410m-seed1/step22000/EleutherAI__pythia-410m/results_2024-08-15T17-42-17.086500.json,8fb0ee9fa4961b44070799d205ac0ce84f9c2abe33f7e6f8ec4ae98acac1c27a
pythia-410m-seed1/step23000/EleutherAI__pythia-410m/results_2024-08-15T17-44-24.666737.json,4c29824b236b547102f12a190b516659be1e4ff8bea23d5f2f2c8501c934e911
pythia-410m-seed1/step24000/EleutherAI__pythia-410m/results_2024-08-15T17-46-32.902415.json,23d0c1def5af70385b4eefca701ac75477e331c14a2c8526e12cf42887f84603
pythia-410m-seed1/step25000/EleutherAI__pythia-410m/results_2024-08-15T17-48-42.010003.json,e1cbf0cc1b0a443aee0680442d3e65022c4b7a9d03234b32238fe93b2cd0106c
pythia-410m-seed1/step256/EleutherAI__pythia-410m/results_2024-08-15T16-52-54.784693.json,21d008c44e9f9b07ccbf605030d341dedbc02059a617a9ce4c6a4a79e78a42d7
pythia-410m-seed1/step26000/EleutherAI__pythia-410m/results_2024-08-15T17-50-50.059158.json,f87e1039bccba799b7b17ab57e19c3244275b03a1c041f9b4a7d0dc835739a88
pythia-410m-seed1/step27000/EleutherAI__pythia-410m/results_2024-08-15T17-53-02.520249.json,16c0954272db8d4dd15ed9906ed06e2ec83e4b123be180b05f00545402df0349
pythia-410m-seed1/step28000/EleutherAI__pythia-410m/results_2024-08-15T17-55-09.905645.json,f9e64aae3e5686178634a32f5f064ec5936892a00c819835dcece4516210a3cb
pythia-410m-seed1/step29000/EleutherAI__pythia-410m/results_2024-08-15T17-57-17.410974.json,83d25d1aee9ece381c02050be85371a1befb02138c6e908abe90bcea9ea79b20
pythia-410m-seed1/step3000/EleutherAI__pythia-410m/results_2024-08-15T17-01-31.664637.json,c32de3a330b93daa8d2459ac3450fe33f798a530631acb6e5bc1f05b4c99c2b2
pythia-410m-seed1/step30000/EleutherAI__pythia-410m/results_2024-08-15T17-59-27.358442.json,00b9e731b89a137df7be2883b21243f7b42d98e5aa203b3e94ad8fc0a631e6fc
pythia-410m-seed1/step31000/EleutherAI__pythia-410m/results_2024-08-15T18-01-55.771056.json,84d397b6939af766896c0d1b9ebd7db18651c8e3bdb7534673e63e68c728997f
pythia-410m-seed1/step32/EleutherAI__pythia-410m/results_2024-08-15T16-46-51.099055.json,a16f23c92e2a3b4fad04a375be830e0d812f5ed03caa8358c991bb15445a3862
pythia-410m-seed1/step32000/EleutherAI__pythia-410m/results_2024-08-15T18-04-26.623339.json,42cb471801e28baabb3a16126dc0e13bf52aae9f45081f2d0ad2a3406a2672f4
pythia-410m-seed1/step33000/EleutherAI__pythia-410m/results_2024-08-15T18-06-53.308847.json,b368c4cc81989458f4cc0d61f4600116f8004db3ffd4f6d1d3287e6502e16d53
pythia-410m-seed1/step34000/EleutherAI__pythia-410m/results_2024-08-15T18-09-27.209873.json,dd3dcc6d2f37915c6c4170669245315487598aca148fbb626ea45e6ab3d867e9
pythia-410m-seed1/step35000/EleutherAI__pythia-410m/results_2024-08-15T18-11-50.168405.json,bb439e79afbfdcf496dc02996c1053e779c9862e9799ebb6d2b25ebc61e273e0
pythia-410m-seed1/step36000/EleutherAI__pythia-410m/results_2024-08-15T18-14-09.509137.json,1e4cc243e32938589713a503b48c0be337f77e4b5eb61e0c566a40aed05bec9f
pythia-410m-seed1/step37000/EleutherAI__pythia-410m/results_2024-08-15T18-16-28.132091.json,2498f0c5bc4720f18ffe80c3e699c7fc954948127ba10fe51ca70b058e4f2b97
pythia-410m-seed1/step38000/EleutherAI__pythia-410m/results_2024-08-15T18-18-55.320225.json,f936c75e5ec23c3ecc18435a64374c393c36ff882b2e456aba90bc46c87b24df
pythia-410m-seed1/step39000/EleutherAI__pythia-410m/results_2024-08-15T18-21-16.553679.json,76f70308539129165bfeda979127f982f922f73a9733bd6c2a018509f8c6e278
pythia-410m-seed1/step4/EleutherAI__pythia-410m/results_2024-08-15T16-40-16.929500.json,09850bbfc44854ed3304f68d7f6a1c8c33dad6b1d74ce601c5bef5b0e4dc7fbb
pythia-410m-seed1/step4000/EleutherAI__pythia-410m/results_2024-08-15T17-03-43.210807.json,485108831782315b7ebb86483a28fc43af9786aa4a71d5b2c387d188b2e8baea
pythia-410m-seed1/step40000/EleutherAI__pythia-410m/results_2024-08-15T18-23-54.174321.json,4521d468b8f17d983a606f90d878440fb7777fbda60c9e3d2b43cef05df0e6ca
pythia-410m-seed1/step41000/EleutherAI__pythia-410m/results_2024-08-15T18-26-23.027201.json,6cb875ed3def0ef9205430b576e42376d09b845cbe77059ad092754ddda8f3fa
pythia-410m-seed1/step42000/EleutherAI__pythia-410m/results_2024-08-15T18-28-43.891754.json,0a39c6ac12274c07c4e307ea8bd5bb739b40cefd0e1e6e63f2b9b1d5a1aab35e
pythia-410m-seed1/step43000/EleutherAI__pythia-410m/results_2024-08-15T18-31-08.097912.json,0a0b515c4236967293e425faa39f9eb4a178a4a4921174210e68244b9040f912
pythia-410m-seed1/step44000/EleutherAI__pythia-410m/results_2024-08-15T18-33-30.576865.json,6f23aee6c56b0bcb8c770f9594b71823c772d6ce6d35764aca5609f920fb9682
pythia-410m-seed1/step45000/EleutherAI__pythia-410m/results_2024-08-15T18-36-06.844359.json,24881c6a715a563fc21ff49024d9187294f5f02fe3adb86eece06b57d3bba184
pythia-410m-seed1/step46000/EleutherAI__pythia-410m/results_2024-08-15T18-38-36.857335.json,dea50048918779dfd272e2fb92680baab88c0197e4978eefe28872d6beb9ab81
pythia-410m-seed1/step47000/EleutherAI__pythia-410m/results_2024-08-15T18-41-04.290888.json,de93781dcc68d5b6ab3cede5f66e8f850fee27a4ddefbd0b10c436e88bfde671
pythia-410m-seed1/step48000/EleutherAI__pythia-410m/results_2024-08-15T18-43-47.493034.json,6a80c6dea805962918e3383685079f9c77fa485eca2528cd581b082ccd4f8c3b
pythia-410m-seed1/step49000/EleutherAI__pythia-410m/results_2024-08-15T18-46-09.407758.json,6c4370b7da4268ddd6006749262546601059ad03cd4d8d56d2b30eaa674e8272
pythia-410m-seed1/step5000/EleutherAI__pythia-410m/results_2024-08-15T17-06-06.521987.json,fe911b5a9f78efdda58e3171cf91d97b1aab45b106e69408ccb291e65b2a298d
pythia-410m-seed1/step50000/EleutherAI__pythia-410m/results_2024-08-15T18-48-37.376832.json,09be5b9d4b99b8071e69b29aaab550b75c460e85e9625882a3bf90c9876c3feb
pythia-410m-seed1/step51000/EleutherAI__pythia-410m/results_2024-08-15T18-51-12.552554.json,13b7ba7bd27ea2db36e0466068eee55d3df1b2f46c04cbbe0cd89c8f39a1a259
pythia-410m-seed1/step512/EleutherAI__pythia-410m/results_2024-08-15T16-55-12.185150.json,8105af23657c45154aadbafd50fe60d38579c885b2fe70b4c88e49160e9da916
pythia-410m-seed1/step52000/EleutherAI__pythia-410m/results_2024-08-15T18-53-38.956760.json,d6aceb478e2ff279d7e8a50de7de2e7a120d589aee0f3b5b281f48e363eb95c8
pythia-410m-seed1/step53000/EleutherAI__pythia-410m/results_2024-08-15T18-56-02.499459.json,5da86ff1c66d04b576058d5a1c7f6c33c1037b4c3466f5485aee27f8ed960efb
pythia-410m-seed1/step54000/EleutherAI__pythia-410m/results_2024-08-15T18-58-29.858947.json,aa87e7e499375c329d18a9f010535571495728722f186c7332d5b820290c2e9b
pythia-410m-seed1/step55000/EleutherAI__pythia-410m/results_2024-08-15T19-00-56.140157.json,72ed0940012d0770b9db2c6bd4d47776c6a7d1d7e8ae871af6b89e1f83b499d2
pythia-410m-seed1/step56000/EleutherAI__pythia-410m/results_2024-08-15T19-03-27.421599.json,6f530b1ceb44759da919ee160f6f46c7f49c777cfeeb41cdd9b44e397bd7f400
pythia-410m-seed2/step0/EleutherAI__pythia-410m/results_2024-08-15T16-34-16.527910.json,5cfe2b81ff86b2982ec998a85b99bc32c5aa369469e5e0dd6d6aaf53937b3f42
pythia-410m-seed2/step1/EleutherAI__pythia-410m/results_2024-08-15T16-36-15.241551.json,c83ad8dbe0e1802afa6d1e38ee9fc39c8f31c3c0ba567cac344a3d08109673e1
pythia-410m-seed2/step1000/EleutherAI__pythia-410m/results_2024-08-15T16-56-59.070360.json,6feee91fd83368e051ceedc9b34b631a80d45b4a5d84421cb1531e6716c35eee
pythia-410m-seed2/step10000/EleutherAI__pythia-410m/results_2024-08-15T17-16-36.899746.json,0f9c51a5227caae31b904c618449d82ca504b996a24d80d70a4e6d43036205bc
pythia-410m-seed2/step100000/EleutherAI__pythia-410m/results_2024-08-15T20-58-41.804884.json,0df5c9c4d287a75ae8e7c14c4608980437fd7273f282bd299572ce17a2af22e4
pythia-410m-seed2/step101000/EleutherAI__pythia-410m/results_2024-08-15T21-01-21.600968.json,52805d1eaa69c52d39477d98cce3cff17c0fe8e2b965308abeb74e04fbf3d2e3
pythia-410m-seed2/step102000/EleutherAI__pythia-410m/results_2024-08-15T21-03-52.619019.json,c23902200ef15382294cecad3c2775b2556e77f1b41cffe3a717f4bafae242d8
pythia-410m-seed2/step103000/EleutherAI__pythia-410m/results_2024-08-15T21-06-19.334303.json,ad1214d18a2a53e29672491496158786f192f8386a3ae1e9745090e14c8da3e3
pythia-410m-seed2/step104000/EleutherAI__pythia-410m/results_2024-08-15T21-08-42.560301.json,faaf8b87d43e6b2412e20e8011bf28f59a239b84e7b125123ac781fcb668bba4
pythia-410m-seed2/step105000/EleutherAI__pythia-410m/results_2024-08-15T21-11-34.263221.json,e132eec6c80a433c9e20ba6cd14a63b5f19f16a1a2e4e48d13f19f748617cc1b
pythia-410m-seed2/step106000/EleutherAI__pythia-410m/results_2024-08-15T21-13-40.188639.json,a2f9c0bd94eee74e0438771c7a9428fbb8381559f0dedf660183b0383ca736ba
pythia-410m-seed2/step107000/EleutherAI__pythia-410m/results_2024-08-15T21-16-09.070856.json,4133f8965e42988e94e27a3f882f8bd13b287d0a348eff5e50f07e2715558e32
pythia-410m-seed2/step108000/EleutherAI__pythia-410m/results_2024-08-15T21-19-28.530775.json,3bb2d660b3ff050a37fa210cadbb6c9e70a1a01908c015ec66db9ed06b14f102
pythia-410m-seed2/step109000/EleutherAI__pythia-410m/results_2024-08-15T21-22-11.116591.json,e0ef7e7a09527e2fafb6027df25756569ee07a75500de5843dd504a37014c837
pythia-410m-seed2/step11000/EleutherAI__pythia-410m/results_2024-08-15T17-18-35.561788.json,92085f5c32d44e350fb21286b6486612c884d2f9a5115c207468b33a69eaf7d7
pythia-410m-seed2/step110000/EleutherAI__pythia-410m/results_2024-08-15T21-24-11.046247.json,1f61423f213f6f267d3dbdb0610120f767d8da87fe6fa2ff9f48a8024caed6bd
pythia-410m-seed2/step111000/EleutherAI__pythia-410m/results_2024-08-15T21-26-45.741120.json,97c18654b87f6420df3a24c5ff8a53bd8dd37f52d5d079395fe03cc8b5956a4c
pythia-410m-seed2/step112000/EleutherAI__pythia-410m/results_2024-08-15T21-29-10.547017.json,4253aa73039bd22a9b6c4f4c61099423297c9972b8ca72d2e3aff49b87f73459
pythia-410m-seed2/step113000/EleutherAI__pythia-410m/results_2024-08-15T21-31-36.592446.json,2f5f959201d978da971a89aaa4b8b53677ea02f533bfbeb65445f1e72c8f6ebd
pythia-410m-seed2/step114000/EleutherAI__pythia-410m/results_2024-08-15T21-34-16.650524.json,9c5a37bd6effe038d691b384b69c8fc6fbb18d8fec71ef63d9d6c0859445dad8
pythia-410m-seed2/step115000/EleutherAI__pythia-410m/results_2024-08-15T21-36-47.933858.json,1ce8ed2438dca490415946374223c04957755a7c7e3075ee06321f94c7be8b82
pythia-410m-seed2/step116000/EleutherAI__pythia-410m/results_2024-08-15T21-38-47.567071.json,eb747441fd14dd8580d0accd6f1c652fe719a3dc02ee00cba8980f7636c24518
pythia-410m-seed2/step117000/EleutherAI__pythia-410m/results_2024-08-15T21-40-53.248219.json,209c7b0dce0d496c062a3706c936b333bf76321dd2041536d625ab72f92c0d4c
pythia-410m-seed2/step118000/EleutherAI__pythia-410m/results_2024-08-15T21-43-17.841158.json,b3da712726186f64169d7e951a9f97bd8593ebab416081ede8cf72b19da5bc58
pythia-410m-seed2/step119000/EleutherAI__pythia-410m/results_2024-08-15T21-46-02.329075.json,5dd33a4e1d90450ce18e324924898f69d78067135b9e152f7cac0c80e5e10663
pythia-410m-seed2/step12000/EleutherAI__pythia-410m/results_2024-08-15T17-21-09.743841.json,f9baac51112ac97ccb72523a75d812131a807c93b354fd5bd92485d7510f4d2d
pythia-410m-seed2/step120000/EleutherAI__pythia-410m/results_2024-08-15T21-48-27.200271.json,e36c68b9cb7ea0b02e82fc04fff15c6bf4f4e4488cfdb93e9e75dd43c0ec31b0
pythia-410m-seed2/step122000/EleutherAI__pythia-410m/results_2024-08-15T21-52-23.622213.json,2f100179cb4e752c5d6dce7165a8c2e639f99023fe7cde02e9bc51d8315a8179
pythia-410m-seed2/step123000/EleutherAI__pythia-410m/results_2024-08-15T21-54-44.340947.json,750f5d52285cc91ef3c49174fe5127c0ed1cf6e415eb83e6a916b0408155504f
pythia-410m-seed2/step124000/EleutherAI__pythia-410m/results_2024-08-15T21-57-19.967463.json,6ff1b89842efbd65e3d171c4ba7e53d0577795b8f872fdb087ed780ecf315405
pythia-410m-seed2/step125000/EleutherAI__pythia-410m/results_2024-08-15T21-59-56.252920.json,522d9ff0bb7b94af37fde9ffdf6d905204e739baf1fb179c29956bdd10a9289e
pythia-410m-seed2/step126000/EleutherAI__pythia-410m/results_2024-08-15T22-02-01.125276.json,2661e78240314903e9b62093599481367357cdc0fe292c54d8539c3d84c37f11
pythia-410m-seed2/step127000/EleutherAI__pythia-410m/results_2024-08-15T22-04-30.402515.json,d092b6c5e3ba0a1e87e298db8ae7fa9951adbdd3925468d5a0ae7c68fdb26ca5
pythia-410m-seed2/step128/EleutherAI__pythia-410m/results_2024-08-15T16-50-46.031585.json,60a22527afd59b04430450f5d3780bada0ef066bf66b35903c3e876063c7a8a2
pythia-410m-seed2/step128000/EleutherAI__pythia-410m/results_2024-08-15T22-07-03.236595.json,99aadc7997b09b74f0b5f18f418156bbd5cd67337cffb2fbcedf1c129ddf2287
pythia-410m-seed2/step129000/EleutherAI__pythia-410m/results_2024-08-15T22-10-44.289513.json,069780602050ac41c46bcee7fc87c19a6663880a72f793b353d8da58fbf1c74f
pythia-410m-seed2/step13000/EleutherAI__pythia-410m/results_2024-08-15T17-23-07.248918.json,9ffc1a25c64107a7d7921d7dc721226a00a3abb53385b7d535ae86e32768c314
pythia-410m-seed2/step130000/EleutherAI__pythia-410m/results_2024-08-15T22-13-18.950071.json,de3cd8db7db1f478848fef3f9ffb50933842333733a01754a078c3ad214d8902
pythia-410m-seed2/step131000/EleutherAI__pythia-410m/results_2024-08-15T22-15-41.604840.json,6cd9599aa2698b4045d5925062b60e3c46d5bae727db5b85e755894aeb45fafc
pythia-410m-seed2/step132000/EleutherAI__pythia-410m/results_2024-08-15T22-18-25.965757.json,7c2a7a900a14da65042fa182bb4b2c064a05a2c2eaef62ee1a67e7cc6844e02c
pythia-410m-seed2/step133000/EleutherAI__pythia-410m/results_2024-08-15T22-20-26.557959.json,f19ca9251b43028abe7579fb1201946d454fb6bdffefd36fc32052a980524f07
pythia-410m-seed2/step134000/EleutherAI__pythia-410m/results_2024-08-15T22-23-09.801715.json,b2e4950e5f3a21121410bf216a80a98e55f836566793fc3a8798a7d0cb55fecb
pythia-410m-seed2/step135000/EleutherAI__pythia-410m/results_2024-08-15T22-25-38.323838.json,4ff9c05736b058942b31bda82fcd70eaba9d33155e89d0fc2fdd52fcf782c15d
pythia-410m-seed2/step136000/EleutherAI__pythia-410m/results_2024-08-15T22-28-08.588930.json,cc184e63634dd3f81732a66ba24501256b7b1d59cef302fba24da541b1a49bfc
pythia-410m-seed2/step137000/EleutherAI__pythia-410m/results_2024-08-15T22-30-09.782143.json,2704c8cf73ff3831d1c3621686673b0f265236ff2a5295958c2aa18d1c38c7aa
pythia-410m-seed2/step138000/EleutherAI__pythia-410m/results_2024-08-15T22-32-14.927162.json,7c5b92069449bb3cfa01e15a5224457957770833eac962f338861c94415899e6
pythia-410m-seed2/step139000/EleutherAI__pythia-410m/results_2024-08-15T22-34-15.771202.json,6d27ef03e0d112b6cd6335fabc16e022e843589b88efdffafae54b2258e2e0c8
pythia-410m-seed2/step14000/EleutherAI__pythia-410m/results_2024-08-15T17-25-06.765894.json,f639f9e59ed7a7fd4b6eb57ab0213458ef6c715c68e18d6827d22189c47cb338
pythia-410m-seed2/step140000/EleutherAI__pythia-410m/results_2024-08-15T22-36-59.327392.json,c9b0d64387f2083e7b6faf731df70513f95b69059206432cebaf0071f7c9b3b6
pythia-410m-seed2/step141000/EleutherAI__pythia-410m/results_2024-08-15T22-39-04.461237.json,6d61ec1f8876009a80297e37047958dd024537a983b216a03c183f8b901c0d15
pythia-410m-seed2/step142000/EleutherAI__pythia-410m/results_2024-08-15T22-41-51.829758.json,26a96ee0e2014bb44759f6ad62b6973045c62377b17529b17935f79b8d20fa7a
pythia-410m-seed2/step143000/EleutherAI__pythia-410m/results_2024-08-15T22-44-07.831474.json,01a557343d60c87d1d517dd1483e5ac826029ff0a4b734a7949c75e20ba1e5ff
pythia-410m-seed2/step15000/EleutherAI__pythia-410m/results_2024-08-15T17-27-39.330936.json,e05cc5bb51d64762d939097878bcc0678593832ec87a3519da6c4f63d1e4264b
pythia-410m-seed2/step16/EleutherAI__pythia-410m/results_2024-08-15T16-44-41.860594.json,80c208af617a13460149cda0772c653403e55c11913fde697a7f21d98c17d223
pythia-410m-seed2/step16000/EleutherAI__pythia-410m/results_2024-08-15T17-29-39.518712.json,89deebca10fae869895ff28064be9ff62b77150875b900c434943ca986e69ff4
pythia-410m-seed2/step17000/EleutherAI__pythia-410m/results_2024-08-15T17-31-41.052076.json,a960ac9022bed3c159ed9fa9e65a77dc5a5ac0eebd1eea5ab5a47727692c7d09
pythia-410m-seed2/step18000/EleutherAI__pythia-410m/results_2024-08-15T17-34-00.052057.json,fec13db9425e7f9ce696ae2ade51c44b5e0c836b56aaccb2c2865052bcbb3ac2
pythia-410m-seed2/step19000/EleutherAI__pythia-410m/results_2024-08-15T17-35-57.053943.json,69902d6458c22944cca6c8bf90b5b66f8563e3fd714d44b648950276b5d249dc
pythia-410m-seed2/step2/EleutherAI__pythia-410m/results_2024-08-15T16-38-11.795660.json,b4ba23771f8c29d4bbd8904a687afa8b5debdd3c38d096075907b896a952d6ac
pythia-410m-seed2/step2000/EleutherAI__pythia-410m/results_2024-08-15T16-59-31.706353.json,37c383e2f986d400c62528f13de9b2be41fc3b3615eeeae4b803e0daca8cfdc2
pythia-410m-seed2/step20000/EleutherAI__pythia-410m/results_2024-08-15T17-38-12.897890.json,47c0449b96e9c667cddc5305fbf581c81170149cabf0fa48060acc9b3129d8b0
pythia-410m-seed2/step21000/EleutherAI__pythia-410m/results_2024-08-15T17-40-11.946274.json,9a6b99e291b16b83d13ebdf5241f7008eef7fd3184312a0c40f3b301a8c6d420
pythia-410m-seed2/step22000/EleutherAI__pythia-410m/results_2024-08-15T17-42-43.214615.json,0d18f17fa160aa874b6f4d90f1e75bcb19ccc8420239fd3610bc87688bff830f
pythia-410m-seed2/step23000/EleutherAI__pythia-410m/results_2024-08-15T17-44-39.909192.json,a2591c4a7b85530f1ed51b5ff25b5044c2c7e9a23aa37321dd8c5dea0831d548
pythia-410m-seed2/step24000/EleutherAI__pythia-410m/results_2024-08-15T17-46-36.793356.json,c8bdf04e254f5bfd58c016b1ca3382a425b1e0f3d0d632410eb18438d3ea2753
pythia-410m-seed2/step25000/EleutherAI__pythia-410m/results_2024-08-15T17-48-39.506618.json,684ba27a2fe3d68af16104678a389fcdaedfea331ff88de9e969156b24543d19
pythia-410m-seed2/step256/EleutherAI__pythia-410m/results_2024-08-15T16-53-02.703695.json,e90789585aeb7d1121a34f38c08ec853843fe4ffd868b20ac3b9bf691ca7de5c
pythia-410m-seed2/step26000/EleutherAI__pythia-410m/results_2024-08-15T17-50-59.498838.json,282ee85edf3b53903297a1d808dc6c9949cf6c53834427de5234cac983794fe5
pythia-410m-seed2/step27000/EleutherAI__pythia-410m/results_2024-08-15T17-52-57.329657.json,029bfbfc77cdf540a3a75d57c8b541e4856d7d52d76bcbefdb132202b903fb9a
pythia-410m-seed2/step28000/EleutherAI__pythia-410m/results_2024-08-15T17-55-20.651994.json,ac74320a2fcf44c1a454db6aebd3a0347b1687c2667fc1cf173fe08b2915830d
pythia-410m-seed2/step29000/EleutherAI__pythia-410m/results_2024-08-15T17-57-20.579566.json,30f426a605af23b4fcbfe877823b104704e3ad8d64d7af34108f05f8207b89ed
pythia-410m-seed2/step3000/EleutherAI__pythia-410m/results_2024-08-15T17-01-28.611448.json,d1e2b8215f41f716073481bb3139bef702f11b696eb281d73f9022342af6a687
pythia-410m-seed2/step30000/EleutherAI__pythia-410m/results_2024-08-15T17-59-23.326107.json,ee56533cabc87e05c0a22cb537f09f86ab1416aa20d12b9bfa4d8092dbd82283
pythia-410m-seed2/step31000/EleutherAI__pythia-410m/results_2024-08-15T18-02-01.890441.json,1f220477bae9919808c731f1d75d071e0ff12e773a2f68eb20d2e9bea7bcd0f6
pythia-410m-seed2/step32/EleutherAI__pythia-410m/results_2024-08-15T16-46-41.655917.json,21cb9db90183400a509ab0f7977432580d47a423c163b2158ae860de619327d3
pythia-410m-seed2/step32000/EleutherAI__pythia-410m/results_2024-08-15T18-04-34.293243.json,c1f55d422c462315364305f8541870ea81ffaffb7f46afff922cccefad689a7c
pythia-410m-seed2/step33000/EleutherAI__pythia-410m/results_2024-08-15T18-07-04.197889.json,031784cc880c83e2c3d1c7f1356d34b37f4d28b1215923102d29590d80dc93d5
pythia-410m-seed2/step34000/EleutherAI__pythia-410m/results_2024-08-15T18-09-33.603797.json,281b20ce409470df4be7763b53fbc3e10f0e21959ca5c5bab7ce018190fa87b5
pythia-410m-seed2/step35000/EleutherAI__pythia-410m/results_2024-08-15T18-11-58.258511.json,6cd15ac2a6f6e1637d1a9a6b781f7c23bd0423b303d77866c31606d67935b2e7
pythia-410m-seed2/step36000/EleutherAI__pythia-410m/results_2024-08-15T18-14-32.496822.json,e9234894a0cfdeb12d99a87db03fda3a68727184ceee3e948dee94beb9c54a86
pythia-410m-seed2/step37000/EleutherAI__pythia-410m/results_2024-08-15T18-16-29.904039.json,3f52ade3e006b544d69217d8f5d5fc40188013825c884dd4ab86441db227c7f0
pythia-410m-seed2/step38000/EleutherAI__pythia-410m/results_2024-08-15T18-19-04.228010.json,36e26bb98a81be34ff7c1fb36832f25a8ae25c88b1fa83bfc93c57663141638d
pythia-410m-seed2/step39000/EleutherAI__pythia-410m/results_2024-08-15T18-21-40.528745.json,154745c94a4531034f0912d31a60a5014aacd725da48fc5fc80d6a15ff11f84b
pythia-410m-seed2/step4/EleutherAI__pythia-410m/results_2024-08-15T16-40-27.869237.json,1f60b1fc5f861d351ae5c0deefcef053333f47bd72c4e8a29d0098522b9980f0
pythia-410m-seed2/step4000/EleutherAI__pythia-410m/results_2024-08-15T17-03-24.573859.json,d5cae83b44bc0bc690acbe324b100daebc0a75cd9600ef97d4550ab3f56704e4
pythia-410m-seed2/step40000/EleutherAI__pythia-410m/results_2024-08-15T18-24-02.959712.json,c62f0aad6d4e85b2d64773e6697a43c2be5cc97a11142147a52c9ccfe3cdd78f
pythia-410m-seed2/step41000/EleutherAI__pythia-410m/results_2024-08-15T18-26-38.810491.json,e395886f4ab4c560ddf23aa4f81484643221cb2dc1233554a99cd2b67503e724
pythia-410m-seed2/step42000/EleutherAI__pythia-410m/results_2024-08-15T18-28-53.783439.json,89ac42c4209ba308efda6a50f1872c73e93ae649c8b79c321d28f344c2078aed
pythia-410m-seed2/step43000/EleutherAI__pythia-410m/results_2024-08-15T18-31-17.666458.json,be744e96779e3de44f2e8b7366b349c420beb1ac5b132022697585cbbbe498bf
pythia-410m-seed2/step44000/EleutherAI__pythia-410m/results_2024-08-15T18-33-40.733822.json,1ffdab7beed96d276c9ff6e87d3563f0795bfde414b135c23645122830260304
pythia-410m-seed2/step45000/EleutherAI__pythia-410m/results_2024-08-15T18-36-11.897624.json,69096c56b5ab4a084a3eb7a32eaf5ef5509e7a352f34ae9791204b64cc3d4e8e
pythia-410m-seed2/step46000/EleutherAI__pythia-410m/results_2024-08-15T18-38-46.167356.json,8168344b8f332547b6c68516cbd5e8d8c114c9e15ec03b03e1fda60cf6482aee
pythia-410m-seed2/step47000/EleutherAI__pythia-410m/results_2024-08-15T18-41-15.273396.json,2f1eada6c664c695673ecc8dc45ab2fc22b9d6ad9020a42012c2e7fe53f6f65f
pythia-410m-seed2/step48000/EleutherAI__pythia-410m/results_2024-08-15T18-43-56.945622.json,b25a8aafb84a4531c92330b06700b49ef575ac1f7271f9cec57923c39a90b76c
pythia-410m-seed2/step49000/EleutherAI__pythia-410m/results_2024-08-15T18-46-33.936059.json,80c874eebe90e45f06d47bf825b53cec277396ed118b667b05f7269528fef0a5
pythia-410m-seed2/step5000/EleutherAI__pythia-410m/results_2024-08-15T17-05-49.157806.json,34057712bedc7a171e2e7bb1f34d6d4a2e6b4c0bdaeb26ae06f02448a22ea436
pythia-410m-seed2/step50000/EleutherAI__pythia-410m/results_2024-08-15T18-48-33.397853.json,fd463f7fbb61f63975cf387dcb88eb6c232baa6a4de6acc04b8209a6e4346403
pythia-410m-seed2/step51000/EleutherAI__pythia-410m/results_2024-08-15T18-51-04.887504.json,3392220b0deba82f12bec8669e5b08b54a0d4f5fa4b3d9690facc04dddbfb813
pythia-410m-seed2/step512/EleutherAI__pythia-410m/results_2024-08-15T16-54-59.448904.json,0ce68f7773e5a7ae02ef5b1f58eb338ea6439b5018005be8da7f9146cebe9823
pythia-410m-seed2/step52000/EleutherAI__pythia-410m/results_2024-08-15T18-53-47.904435.json,ac2229bd54da91af70800e583f06e11cde7148885474dbb57ae35400b875b204
pythia-410m-seed2/step53000/EleutherAI__pythia-410m/results_2024-08-15T18-56-10.101211.json,b861c0ae69aa54f05703b4f09bf6282f36734f66d5755c957aaad2ffa75dc38b
pythia-410m-seed2/step54000/EleutherAI__pythia-410m/results_2024-08-15T18-58-40.194452.json,ee3d710ba106163d4971baa760c9ebc6037d8dc32bc5d6c14d0663670d96240d
pythia-410m-seed2/step55000/EleutherAI__pythia-410m/results_2024-08-15T19-01-21.777475.json,13d9192a5ac4f0922fc7956f1d142ce978854adf50beb88b3a156cdcbbd1bc90
pythia-410m-seed2/step56000/EleutherAI__pythia-410m/results_2024-08-15T19-03-39.883307.json,541ef8e41a027a735e2c6b8c14f21e8b46fee264f7410105c587a71bcb97b6ef
pythia-410m-seed2/step57000/EleutherAI__pythia-410m/results_2024-08-15T19-06-09.729456.json,6faab3262610f9d2c41859b64750afab9d167f1eac09915405f68a4ea53cc68d
pythia-410m-seed2/step58000/EleutherAI__pythia-410m/results_2024-08-15T19-09-02.039709.json,9393d905dc8493f9744f7c892ab253172639fa5542fe310829390ee0afba160f
pythia-410m-seed2/step59000/EleutherAI__pythia-410m/results_2024-08-15T19-11-40.000055.json,7a405c9e6b80b6e029a5e8055507a6c8aa98361bc3c083bd556052ed6e96b359
pythia-410m-seed2/step6000/EleutherAI__pythia-410m/results_2024-08-15T17-07-48.626334.json,c8947fe008e4eb36d925c214a0b102257314912c8c7cf1a11a5954fec5513987
pythia-410m-seed3/step0/EleutherAI__pythia-410m/results_2024-08-15T16-57-45.731333.json,c5395627f95fab9faa2e4ecc8c7d233f20d7a4c045c3270c0da4c698386361ec
pythia-410m-seed3/step1/EleutherAI__pythia-410m/results_2024-08-15T16-59-52.202277.json,ee838159305dd6101170383506f6c560886dff8b8be4fb4a6adf1caaf7b1a9d2
pythia-410m-seed3/step1000/EleutherAI__pythia-410m/results_2024-08-15T17-21-26.257675.json,e9257826af0ef5a220ba819d649e325ff12c496919e25c6c6f5c6df000a452f5
pythia-410m-seed3/step10000/EleutherAI__pythia-410m/results_2024-08-15T17-39-52.482477.json,74a3d3bb03a6973b1e0f5ad35d2e80560308100a1326c8785b025ecf30dfbe3d
pythia-410m-seed3/step100000/EleutherAI__pythia-410m/results_2024-08-15T20-59-04.350879.json,7fdbce93f8f6a996944c6449b886819062b6f3de78e6abc11fb31d9929dec506
pythia-410m-seed3/step101000/EleutherAI__pythia-410m/results_2024-08-15T21-01-28.773898.json,7373ac48b95358c151dbd0ea1783189736f347fe91ded9d89195228e3ca52421
pythia-410m-seed3/step102000/EleutherAI__pythia-410m/results_2024-08-15T21-04-18.116216.json,491718cbad1918d6c91b2bd1dbde02296d00eb10aaadd4586cb12ac046b0bb61
pythia-410m-seed3/step103000/EleutherAI__pythia-410m/results_2024-08-15T21-06-32.266741.json,685aa010340418d27026b75f3382bc1e0ecc751fb5035b98ce4511f95362b7ff
pythia-410m-seed3/step104000/EleutherAI__pythia-410m/results_2024-08-15T21-09-07.128717.json,56022278d84b20f2c83b8241121abe06aed7d532354bfcb10bc6ed649f1d5f4f
pythia-410m-seed3/step105000/EleutherAI__pythia-410m/results_2024-08-15T21-11-35.165478.json,efa4342ca345e2fa77be6833b8102148839fc42a8cd29c612e42b6b420b64194
pythia-410m-seed3/step106000/EleutherAI__pythia-410m/results_2024-08-15T21-13-53.514543.json,78fe6fe22e50222c1737dd55b54ef6ab0684147e4c98a41f381d3dcf675ed237
pythia-410m-seed3/step107000/EleutherAI__pythia-410m/results_2024-08-15T21-16-10.879379.json,eb8141f6da5d000dd4db4a508ab9917524572205e6877b7c8c5807584111769c
pythia-410m-seed3/step108000/EleutherAI__pythia-410m/results_2024-08-15T21-19-37.388023.json,b5b65e28addea8758569e4feaee82c2b69e7120cda88b261a3780cc6053bfada
pythia-410m-seed3/step109000/EleutherAI__pythia-410m/results_2024-08-15T21-22-18.911886.json,c4a9ec8741ecbd3d8beaa5d2a54ba8465c41b6fab79181303dba38fdd056da77
pythia-410m-seed3/step11000/EleutherAI__pythia-410m/results_2024-08-15T17-41-56.469555.json,56df9ec7505a3a1fc876c2b14059b7227d45bf89d0c2d877b55730fd25230e21
pythia-410m-seed3/step110000/EleutherAI__pythia-410m/results_2024-08-15T21-24-25.722601.json,2141b61987cf1d658f3e990ae20440e6368ddd54f7dceebe61e5a25164c6ec4e
pythia-410m-seed3/step111000/EleutherAI__pythia-410m/results_2024-08-15T21-26-52.137626.json,d750de309405ab0165034e7c44e8ea5aceff423f56b70bf1747c9bbbe81601a1
pythia-410m-seed3/step112000/EleutherAI__pythia-410m/results_2024-08-15T21-29-27.849815.json,7394673789d63084c9708e5a6ccbb809cc58ceea6b7807397838429fbbe65472
pythia-410m-seed3/step113000/EleutherAI__pythia-410m/results_2024-08-15T21-31-45.034838.json,f3adbb308ed57623d0305cd42b5418d8d79cd88c61dcac44658481cb4d7005df
pythia-410m-seed3/step114000/EleutherAI__pythia-410m/results_2024-08-15T21-34-25.007271.json,5a8ac021f6ceace3c342f7eb642fc572b7e403f42ce9a33e504f30f67f38691c
pythia-410m-seed3/step116000/EleutherAI__pythia-410m/results_2024-08-15T21-38-13.252566.json,1f77e40b190237eb1df092540bababc3fefd6b6a06b8c27e2ba00eef8bbb81c7
pythia-410m-seed3/step117000/EleutherAI__pythia-410m/results_2024-08-15T21-40-38.554067.json,a6f92c485ba2f1af884158d398a0c5bd82239c97f46074911198942ca2fe0f58
pythia-410m-seed3/step118000/EleutherAI__pythia-410m/results_2024-08-15T21-43-08.687695.json,15d0e5d707efd2ceca452a0ae17b2c441def8f2d92b2d3aeb5ae1c76f9f2488a
pythia-410m-seed3/step119000/EleutherAI__pythia-410m/results_2024-08-15T21-45-54.731917.json,a993da6d21ed6c4628d15b7482527497b6f6a12d82461a961066fb5bf507362b
pythia-410m-seed3/step12000/EleutherAI__pythia-410m/results_2024-08-15T17-43-48.562440.json,1767ff064161a5b6a26dada4108af70813283459db252d524a81c693f1908e70
pythia-410m-seed3/step120000/EleutherAI__pythia-410m/results_2024-08-15T21-48-15.622367.json,2aff46916b0682563e86dac655cf50e6b282654a52114484c3ed9ae9d3440771
pythia-410m-seed3/step121000/EleutherAI__pythia-410m/results_2024-08-15T21-50-45.982159.json,18de450c76ff243a4ae496b15e4cbd21a086ac6cfe41f7eedc8525c26b201d82
pythia-410m-seed3/step122000/EleutherAI__pythia-410m/results_2024-08-15T21-52-42.373397.json,d85da6d82b4318d6643a4afd8119b58af21fec25846191a8b5992a41c30ea2ec
pythia-410m-seed3/step123000/EleutherAI__pythia-410m/results_2024-08-15T21-55-08.869434.json,75e8c3564ed80edc50017b3bfef2fb2cfc3752728b621214bb2d9e78adb607cc
pythia-410m-seed3/step124000/EleutherAI__pythia-410m/results_2024-08-15T21-57-12.959096.json,a2e3c04fb099dd98936e58b49d165b15d6c89ad8eb47a405a1a0312813567a92
pythia-410m-seed3/step125000/EleutherAI__pythia-410m/results_2024-08-15T21-59-58.753076.json,c7d1c23836c94dd980f7d5e373360d62e8b15548b7bcfb4f8173328477f73624
pythia-410m-seed3/step126000/EleutherAI__pythia-410m/results_2024-08-15T22-02-22.042709.json,5ce19fee2e2578a5fc6758029f5baa4db2247d7ca8b983e55c6757a107531788
pythia-410m-seed3/step127000/EleutherAI__pythia-410m/results_2024-08-15T22-04-38.975590.json,f06cc51dd3fa22b66bf7f4e68daec6ec6acd59d75b3e52ff628a9a432c005ba4
pythia-410m-seed3/step128/EleutherAI__pythia-410m/results_2024-08-15T17-14-57.203914.json,081f46f79866701f2223dd5c7f2b7b5a93c9602cfc7705c2c65438fd5f98ef50
pythia-410m-seed3/step128000/EleutherAI__pythia-410m/results_2024-08-15T22-07-09.119163.json,b12ea2890ff574c67729caeaa6f95002e7b2163e65aa11298be1e47adc424397
pythia-410m-seed3/step129000/EleutherAI__pythia-410m/results_2024-08-15T22-10-53.452127.json,d0ffd8bd6cc14f3376c1a630f331fe0e4d368d6f26cdf7f2bc9baf8fbb14281b
pythia-410m-seed3/step13000/EleutherAI__pythia-410m/results_2024-08-15T17-45-42.402550.json,b751079ff054f11f749d1d5d0d0a52d93176fa897f3b20105c3ecfbcc9040387
pythia-410m-seed3/step130000/EleutherAI__pythia-410m/results_2024-08-15T22-13-25.955281.json,e237ca49752857b831af5b5298354eb06efc386be66c5035f7d40d01ab0bf3dc
pythia-410m-seed3/step131000/EleutherAI__pythia-410m/results_2024-08-15T22-15-37.597844.json,6539927c083afb5ea0fc3e5291e7e9ba3b24990467b6a63e927e9b3c65fe9b93
pythia-410m-seed3/step132000/EleutherAI__pythia-410m/results_2024-08-15T22-18-16.336791.json,be32bd728143cb3f53d4f032d7a2bf686e50608240018ed64434ce4d9d32ebf3
pythia-410m-seed3/step133000/EleutherAI__pythia-410m/results_2024-08-15T22-20-24.957937.json,eb668898154d2be7e504f217c1782a4393672c95e4fc84da58601248a93a9ac6
pythia-410m-seed3/step134000/EleutherAI__pythia-410m/results_2024-08-15T22-22-56.016008.json,ea992f931bfb084b3bf89ba56405da0750556298346f11c91eb2557ca8ce94b9
pythia-410m-seed3/step135000/EleutherAI__pythia-410m/results_2024-08-15T22-25-30.409703.json,4f66075f25eb5207f02b2dd5b1e2cc53cdee03d8222f5cedbfb67b74691eddb9
pythia-410m-seed3/step136000/EleutherAI__pythia-410m/results_2024-08-15T22-28-03.620251.json,340fbff717d9dd5aee21b1fe9fdcc33b99d2856b98d57a1d3b78de396c6bdcf5
pythia-410m-seed3/step137000/EleutherAI__pythia-410m/results_2024-08-15T22-30-01.987265.json,551b94bada7ecca25f322cd796967505461eb1d982362390850edf994276c1f3
pythia-410m-seed3/step138000/EleutherAI__pythia-410m/results_2024-08-15T22-32-01.196767.json,0aedccbed5e74b833417a16b7e2e753a4f8103e0d075559a7c2dc38a69209aad
pythia-410m-seed3/step139000/EleutherAI__pythia-410m/results_2024-08-15T22-34-35.268367.json,797eb8f37166e3c6d176c0f1dc9be6023b315c8f41d94b8bef0c941e48663523
pythia-410m-seed3/step14000/EleutherAI__pythia-410m/results_2024-08-15T17-47-34.545416.json,84b9b81b1a22da9df5666759254d771f40c097e626533183e189700e07087e17
pythia-410m-seed3/step140000/EleutherAI__pythia-410m/results_2024-08-15T22-37-06.362569.json,7f32ceef65f7a805faa7cdc9dc79dc5e87a575ddd712e370f134d599369d9e96
pythia-410m-seed3/step141000/EleutherAI__pythia-410m/results_2024-08-15T22-39-26.846338.json,5111a48ac6ddd47f0f56e0603f6d2b5aa6cf167b9fb663e4f044683f152b6d01
pythia-410m-seed3/step142000/EleutherAI__pythia-410m/results_2024-08-15T22-42-01.494075.json,e9df8b456d59d92ef87256a3ed041b3c44a55505a5d3419797c11a33a6060e96
pythia-410m-seed3/step143000/EleutherAI__pythia-410m/results_2024-08-15T22-44-13.271532.json,b0b2375f4edc3e5bfcc4aad61a6e778e65d3d353c166c00f9543712605168200
pythia-410m-seed3/step15000/EleutherAI__pythia-410m/results_2024-08-15T17-49-31.879794.json,147f6e6a6acac426537c60376f2e906ddde915a7241abbee7e7a78e49f199975
pythia-410m-seed3/step16/EleutherAI__pythia-410m/results_2024-08-15T17-08-28.827118.json,9ffc4b74f99742ece2b953d25935065b234dc0c818f88abd600d872a2046b5da
pythia-410m-seed3/step16000/EleutherAI__pythia-410m/results_2024-08-15T17-51-54.463542.json,e8b6fcb587a8fbcb5906e004df38814e82641515bc768539b35412ed7c4b6702
pythia-410m-seed3/step17000/EleutherAI__pythia-410m/results_2024-08-15T17-53-46.495515.json,46314713494ee2cbccfd3380c8cb32216922509ea0b39fc7170449ffde18ff74
pythia-410m-seed3/step18000/EleutherAI__pythia-410m/results_2024-08-15T17-56-01.578012.json,df79fe08d0899be460ab4d2a9d0cec8d7eb7d2b6afbc7950a6c4ba8f5c0bc324
pythia-410m-seed3/step19000/EleutherAI__pythia-410m/results_2024-08-15T17-58-00.784650.json,2fac09f5226962b1f935651d0a007583be7d107a345bcab09fd5db034ba1f6c0
pythia-410m-seed3/step2/EleutherAI__pythia-410m/results_2024-08-15T17-01-59.088989.json,79cb22e2008026d3fcb2e31c71a7a88a5b93b55dbb07d9bf15be1b14c32b814e
pythia-410m-seed3/step2000/EleutherAI__pythia-410m/results_2024-08-15T17-23-35.524958.json,4bb79904fd44d203a0018694a137276897d31f141fed91ca45142737443d028e
pythia-410m-seed3/step20000/EleutherAI__pythia-410m/results_2024-08-15T18-00-05.159065.json,2ce902e17b1fbb2e254b3e096f8fd9e5e27213446c23650639329f44a4432f95
pythia-410m-seed3/step21000/EleutherAI__pythia-410m/results_2024-08-15T18-01-57.871371.json,7159c23626ded0f47a524ddd03ed811a05210b2b01074ea80060e61e872d5d37
pythia-410m-seed3/step22000/EleutherAI__pythia-410m/results_2024-08-15T18-03-52.682575.json,296597670952bbc70de0d028299339fd2eb34edba3be5081bb3adf6f9b17f622
pythia-410m-seed3/step23000/EleutherAI__pythia-410m/results_2024-08-15T18-05-46.293448.json,b891471da28bce2b5cb53adb9badb8c001be2d3a40e7e81b247771b7c3390113
pythia-410m-seed3/step24000/EleutherAI__pythia-410m/results_2024-08-15T18-07-39.190683.json,01cce54ee91c4a336fd869cb879a07db544d725ec7d8a5c0c68a6842616d10b9
pythia-410m-seed3/step25000/EleutherAI__pythia-410m/results_2024-08-15T18-09-55.445153.json,7b6a0bfec59d87ffcbdac05246334b226538959e73a61653690cf94dba824a39
pythia-410m-seed3/step256/EleutherAI__pythia-410m/results_2024-08-15T17-17-07.218017.json,b00c49947ff6595acba8198e6921bb0dedd357e645e5c3ebab1bd41dc43fe223
pythia-410m-seed3/step26000/EleutherAI__pythia-410m/results_2024-08-15T18-11-50.790198.json,ba36d41368bc900618df8a6a189375b3324fcad9541b36370e3b0324e2872955
pythia-410m-seed3/step27000/EleutherAI__pythia-410m/results_2024-08-15T18-13-42.395033.json,dfda90d798c5d356e79159683cebea53e1950c45e0af494877d4a12a02057c5d
pythia-410m-seed3/step28000/EleutherAI__pythia-410m/results_2024-08-15T18-15-36.498307.json,3862b41bdf23829623a84c980e0d9e2beaad62d9ae6d967f57a0919024c9a5bc
pythia-410m-seed3/step29000/EleutherAI__pythia-410m/results_2024-08-15T18-17-41.891142.json,711ffb7d1f3670d266ff31282164388609ecb388f95a1b37d8137409a1193bb7
pythia-410m-seed3/step3000/EleutherAI__pythia-410m/results_2024-08-15T17-25-46.284915.json,7fcc86303ba42b5c2d8106819699690282de36cacf7b2e2ea429e068f9c23acf
pythia-410m-seed3/step30000/EleutherAI__pythia-410m/results_2024-08-15T18-19-59.054146.json,4c882eeff502e1c3eeb7677d45cf7afbc142c80a1df7e0e049d8eceedefa6391
pythia-410m-seed3/step31000/EleutherAI__pythia-410m/results_2024-08-15T18-21-56.637304.json,c9ca3297db6b0c5b12f9a0148e456675d01785fa6d4678ab2e3f86c97cdacd39
pythia-410m-seed3/step32/EleutherAI__pythia-410m/results_2024-08-15T17-10-42.041595.json,7b6926ff3dd9f7e088b82e49087487b682e3b0dbd0b24b1a892501337aae71a4
pythia-410m-seed3/step32000/EleutherAI__pythia-410m/results_2024-08-15T18-23-47.620733.json,5786a07c785f0421e69d78f181df1302a3944096209f1e3540f8f788306efd4b
pythia-410m-seed3/step33000/EleutherAI__pythia-410m/results_2024-08-15T18-25-39.791935.json,b53575fb4a525b97a0df7a11ecb7e147aa4020efe005bd679e1e7d8241d4a07f
pythia-410m-seed3/step34000/EleutherAI__pythia-410m/results_2024-08-15T18-27-38.107267.json,fe938bb7cd48f68c7105d6a4a3a01555b9d4db01b1b62200b9980f104c03de6a
pythia-410m-seed3/step35000/EleutherAI__pythia-410m/results_2024-08-15T18-29-29.656153.json,8a67fb156f51c71d031417c1a19cdf7a429df4cc35e8d1b09c722a6dcf4b5d78
pythia-410m-seed3/step36000/EleutherAI__pythia-410m/results_2024-08-15T18-31-29.556625.json,2d0c20c180b45c9c9f828e82490c84ea41bb4a19186d57aef8baf5222e1d05ab
pythia-410m-seed3/step37000/EleutherAI__pythia-410m/results_2024-08-15T18-33-21.072311.json,e1cdc8e166212771c2d4aebe318ceb8fa17317f04999646d719e3b08c0cca638
pythia-410m-seed3/step38000/EleutherAI__pythia-410m/results_2024-08-15T18-35-13.536145.json,ae4c46ab49d561ac1a6195bbed82f6a48a0adfb029329bcc49728743d3dfb500
pythia-410m-seed3/step39000/EleutherAI__pythia-410m/results_2024-08-15T18-37-05.349708.json,b97e934fe7aaa3a663b0d8046d52da9374e0d49cb0b6159bd4cf6f614451d7f2
pythia-410m-seed3/step4/EleutherAI__pythia-410m/results_2024-08-15T17-04-09.720098.json,47874b6cebf959f4d0ad5a6c053d614820a1e37f0e7a84dd2c45b22345b2d770
pythia-410m-seed3/step4000/EleutherAI__pythia-410m/results_2024-08-15T17-27-58.021394.json,14e3dcbe01c8d933824af85e80015b663d8d6703ab5d1227c80c4c2c0478da38
pythia-410m-seed3/step40000/EleutherAI__pythia-410m/results_2024-08-15T18-39-08.012438.json,d149c4fe8eb4b79d5f5f98989acf29c349657df36579ce13e7e1016ca070446f
pythia-410m-seed3/step41000/EleutherAI__pythia-410m/results_2024-08-15T18-40-58.133077.json,32173228c0e3fce83828c6b150a9f9f2f98db9f7dad76b2755cbadaa5496562e
pythia-410m-seed3/step42000/EleutherAI__pythia-410m/results_2024-08-15T18-42-51.493355.json,a03b8f66d9ab50964b77439508d3b5c3be5cd4974a7566aa40a11f772d30650d
pythia-410m-seed3/step43000/EleutherAI__pythia-410m/results_2024-08-15T18-45-01.978375.json,be6f00edacf12de97c1bcc424c75be176ef7a10c628f71db8061f9d528107787
pythia-410m-seed3/step44000/EleutherAI__pythia-410m/results_2024-08-15T18-46-56.384155.json,f24d192980b0020b8be86029b6e1305200c6d0e3a1a913202201205c347478f0
pythia-410m-seed3/step45000/EleutherAI__pythia-410m/results_2024-08-15T18-49-10.523096.json,324eed6765164ae9d295cc044d60a11fefb6b5600ebce982324876bae2f983cf
pythia-410m-seed3/step46000/EleutherAI__pythia-410m/results_2024-08-15T18-51-04.099877.json,2bdff8b731fb932ad17a27886569e32833f7500e0936fe262952d062408d26ec
pythia-410m-seed3/step47000/EleutherAI__pythia-410m/results_2024-08-15T18-52-59.271913.json,72069869acd31a37d2fcce15d9952375195335384b6cec70e482ab457e9485c7
pythia-410m-seed3/step48000/EleutherAI__pythia-410m/results_2024-08-15T18-55-08.365737.json,abdf32dc5c41e3155cc9ef19e3c895e7d88e11f7c8e72c7499ff9db81741a586
pythia-410m-seed3/step49000/EleutherAI__pythia-410m/results_2024-08-15T18-57-04.196085.json,a59c8f8e4f7bf910f41cbce7dd2a50fbb8442204c84f5b8fc4491175c40bb2d5
pythia-410m-seed3/step5000/EleutherAI__pythia-410m/results_2024-08-15T17-30-08.628773.json,21b0089f8acd639c6f9a66a489458093995d13ab6e7d5eb1396f37b1200a1fd1
pythia-410m-seed3/step50000/EleutherAI__pythia-410m/results_2024-08-15T18-59-06.732579.json,6204e3c88b8ea9df672e6a1e494f75a770e869740179e82da467a0a2e8083013
pythia-410m-seed3/step51000/EleutherAI__pythia-410m/results_2024-08-15T19-01-11.001206.json,485f0c5d2746a655a02ebe16291bff5d56631842899e9633259d9d289e69d42f
pythia-410m-seed3/step512/EleutherAI__pythia-410m/results_2024-08-15T17-19-16.307141.json,df6c05973bd7283defe6f2405694b89c9bea62e73d175be2c3590977348ead2c
pythia-410m-seed3/step52000/EleutherAI__pythia-410m/results_2024-08-15T19-03-00.675219.json,aabf0b8bfc5fb1f4ff941310d77451b2ba6faf6f01fba8e2228e95f057774abc
pythia-410m-seed3/step53000/EleutherAI__pythia-410m/results_2024-08-15T19-04-54.278414.json,26048cd2005a8ed97311cc023d1e49f33f5ef1eb09af66e72199f39bdad538e2
pythia-410m-seed3/step54000/EleutherAI__pythia-410m/results_2024-08-15T19-06-48.025963.json,01f50c3350608d993f60c66b9b9bc13781968a991ec2d2872db97fdefaf59a42
pythia-410m-seed3/step55000/EleutherAI__pythia-410m/results_2024-08-15T19-08-40.459564.json,faa029050ef270ea5a0e5139b7895730535f64a11d6400a2aea8b76750d2c997
pythia-410m-seed3/step56000/EleutherAI__pythia-410m/results_2024-08-15T19-10-28.217622.json,6b37425eccdbfb5c4f33ff23755ff36980774af0807e58b726ac766798c54718
pythia-410m-seed3/step57000/EleutherAI__pythia-410m/results_2024-08-15T19-12-23.278554.json,a1db4a941b25154e2a52f71bad151cd7584f1ba209622d3a053aa868389dcc03
pythia-410m-seed3/step58000/EleutherAI__pythia-410m/results_2024-08-15T19-14-09.491112.json,ceb7a765eaf63c5605c75f0c4af32bd4b6e915e5efbf118b622ddacf0d9a1074
pythia-410m-seed3/step59000/EleutherAI__pythia-410m/results_2024-08-15T19-16-07.646932.json,0dc7e40a51671472d8168fedb6753bcdf691991d328c809823054ff5b1edd6bd
pythia-410m-seed3/step6000/EleutherAI__pythia-410m/results_2024-08-15T17-32-09.640743.json,5d1531b87cae2280ee8638bfb9c802105ffd493a3eaa0b501bf4d1352075fe8e
pythia-410m-seed3/step60000/EleutherAI__pythia-410m/results_2024-08-15T19-18-03.589075.json,946f3552c09767f19f48199d71d6962bab708576921995307f57c574367e1fc0
pythia-410m-seed3/step61000/EleutherAI__pythia-410m/results_2024-08-15T19-20-03.873742.json,02a29fc4a62e2c3194d84deedd364f8a91241e7974df4f6e3febd7b6e09ae592
pythia-410m-seed3/step62000/EleutherAI__pythia-410m/results_2024-08-15T19-22-04.367425.json,38c038c34befaadb29949f8319783606e94de729cce776fa7d7fcac4c4dbd4d0
pythia-410m-seed3/step63000/EleutherAI__pythia-410m/results_2024-08-15T19-23-52.256537.json,cc05060faf029cf5dbbcf493c0637aa6c485401adfe179b6c33b9a3657ac3e06
pythia-410m-seed3/step64/EleutherAI__pythia-410m/results_2024-08-15T17-12-48.375183.json,e1b12ceda0cd1d3b73a25e342a2f9e573466ea077aed22ffbd7077b128f1dd7d
pythia-410m-seed3/step64000/EleutherAI__pythia-410m/results_2024-08-15T19-25-39.273481.json,8fb22935833df9ed8404cd5dc45ea29c3302e44931680bfbfac1ad8f614efc02
pythia-410m-seed3/step65000/EleutherAI__pythia-410m/results_2024-08-15T19-27-24.549614.json,20126cc6a67d46ff1e4fcd79e84a28fbdbf990a9f4f792e99a0dd1095520119c
pythia-410m-seed3/step66000/EleutherAI__pythia-410m/results_2024-08-15T19-31-40.076423.json,bff97847572720e40d006c19c377fb3fd7bee7adb597eff54fb356352cdb2f18
pythia-410m-seed3/step67000/EleutherAI__pythia-410m/results_2024-08-15T19-33-33.373573.json,09cde02558b0b1a61426e8b3f29e2a3ea31d647a7fd853c9b9a2fec244d303fa
pythia-410m-seed3/step68000/EleutherAI__pythia-410m/results_2024-08-15T19-35-48.292445.json,0225040e5894d17436f89a4f0c2ec78fd67df4a6c26cb9a70cef4bd181f4f390
pythia-410m-seed3/step69000/EleutherAI__pythia-410m/results_2024-08-15T19-38-09.769801.json,c060b5e2efe49fbb1adce2e7bbc04489b13a1daae01654673dd9f82e7cbcf3cd
pythia-410m-seed3/step7000/EleutherAI__pythia-410m/results_2024-08-15T17-34-06.816365.json,e7e2ccb0322dd7fbf226e4895f1815eb7dff05b975ae1bd79a6b83c3c1ba9afb
pythia-410m-seed3/step70000/EleutherAI__pythia-410m/results_2024-08-15T19-40-45.512512.json,eeaaa33890df36d8af3d770eb85815973592c52b72443a91799aae9220274292
pythia-410m-seed3/step71000/EleutherAI__pythia-410m/results_2024-08-15T19-42-55.767605.json,a3428821cfbb779a445ad796f5aa24082a8750a2daa10dfa8b9858d9301e01db
pythia-410m-seed3/step72000/EleutherAI__pythia-410m/results_2024-08-15T19-45-21.485887.json,9c1dc9a9a4592f75ec73f1d876542b36669a9ff30d06e280afb5417067192959
pythia-410m-seed3/step73000/EleutherAI__pythia-410m/results_2024-08-15T19-47-56.587183.json,bf6be30317ce56b42cd465539027f7075c63c550f1bae1055a7d65f66495bafe
pythia-410m-seed3/step74000/EleutherAI__pythia-410m/results_2024-08-15T19-50-36.190800.json,40eae7dcfba6f8b715e39b79f1dbe149225e78838f2b72923723387f86ba037a
pythia-410m-seed3/step75000/EleutherAI__pythia-410m/results_2024-08-15T19-53-15.485652.json,7babbf85b0159f291cf8c8f00e8892e18b9fc7e859ce3a83ce49560cbdd55fee
pythia-410m-seed3/step76000/EleutherAI__pythia-410m/results_2024-08-15T19-55-46.583016.json,ffe34689c8f2dddd424428293c48e0e4ba6141652245a9c111cacdf75a388c32
pythia-410m-seed3/step77000/EleutherAI__pythia-410m/results_2024-08-15T19-58-19.224235.json,e558a532942e0247ab6e69b8a18ce1e7be5de9bed1056a55f0ab23983054485a
pythia-410m-seed3/step78000/EleutherAI__pythia-410m/results_2024-08-15T20-01-03.024029.json,c5df1a444af6cffb6c0e7f47ef2e735d178d7b18485833e6b4837d979df2ef39
pythia-410m-seed3/step79000/EleutherAI__pythia-410m/results_2024-08-15T20-03-09.128257.json,7d22858e23d005712ee658bb6271f00b655466ee1cba88ef0e35566a9d353eee
pythia-410m-seed3/step8/EleutherAI__pythia-410m/results_2024-08-15T17-06-18.238713.json,1c223c90f10e3fdbe5a1ddcd78e80530efedbb73f65ae0a4cfb685d26a22a03f
pythia-410m-seed3/step8000/EleutherAI__pythia-410m/results_2024-08-15T17-36-02.906421.json,d25cf0ec4c58e7943e37289dfd1bbcaa2bdb90fa683d2d8095feda5595d896ec
pythia-410m-seed3/step80000/EleutherAI__pythia-410m/results_2024-08-15T20-05-40.456890.json,69aedd0d2eb1da9f05001241396d76abdaaa3be49ccf4d1a9aca35edc0f58573
pythia-410m-seed3/step81000/EleutherAI__pythia-410m/results_2024-08-15T20-08-18.959055.json,8d19e2a418e3bff27eb52e365eca034433f139fe367228d62eaf67598ed58eb4
pythia-410m-seed3/step82000/EleutherAI__pythia-410m/results_2024-08-15T20-10-33.565410.json,bc5950b569179a201a03b53cb6fa836facc64998f93bda85ddb0c52a40cbf57e
pythia-410m-seed3/step83000/EleutherAI__pythia-410m/results_2024-08-15T20-12-27.927899.json,e2062b7ced0338a22a98119494b93e46597ae151a86bf438cca54390b91d89e9
pythia-410m-seed3/step84000/EleutherAI__pythia-410m/results_2024-08-15T20-14-24.655478.json,5e31221589484e2088808b88b9b42d7c8649bd4fd4320916eacad2a6425731bc
pythia-410m-seed3/step85000/EleutherAI__pythia-410m/results_2024-08-15T20-16-48.723642.json,c053bbcbd0d76e8f971bdef87213d38e8b4db934eeec7a1da4fde3fc4ae201f2
pythia-410m-seed3/step86000/EleutherAI__pythia-410m/results_2024-08-15T20-19-25.365587.json,abd4d4a8c13b07689cbcb3b4a644db62655c9ed62e8e70d45743cff26a93ad98
pythia-410m-seed3/step87000/EleutherAI__pythia-410m/results_2024-08-15T20-22-05.129574.json,755f4bd760dd7550fe3fc5251a0889afe12793548a70654a844220b2e43c752e
pythia-410m-seed3/step88000/EleutherAI__pythia-410m/results_2024-08-15T20-24-47.287503.json,b39ec3cd23878d458049a69c0b1b7756d582b3056817f40a29803e36f72b8822
pythia-410m-seed3/step89000/EleutherAI__pythia-410m/results_2024-08-15T20-28-10.263540.json,1c1c41299880a4fa5892439b69205042334e75acaca5fd8b480678ab3ff9027f
pythia-410m-seed3/step9000/EleutherAI__pythia-410m/results_2024-08-15T17-37-56.922058.json,0619d8a01ba57cefeef8fcf51b3843eb023871bedfa0ffe1e1c45f4cf015163f
pythia-410m-seed3/step91000/EleutherAI__pythia-410m/results_2024-08-15T20-33-58.007907.json,212fed28484c1c8763716de7c3814ff789da3a8a6ea216ecd976f95b542987b5
pythia-410m-seed3/step92000/EleutherAI__pythia-410m/results_2024-08-15T20-37-02.344871.json,e3067473d478a4a3d3f189718239262388f3521e696b1d4bf3d5e3a56f05d75b
pythia-410m-seed3/step93000/EleutherAI__pythia-410m/results_2024-08-15T20-39-27.617313.json,dd59c803a6e2e7f09b776b52af7e782b7d792c773ecdc661ed23a75ac8bc8858
pythia-410m-seed3/step94000/EleutherAI__pythia-410m/results_2024-08-15T20-42-16.659144.json,cdcedbdecd54ff7aa65cde97210dcdf9afda2e6bc8377992e483021ab496dabf
pythia-410m-seed3/step95000/EleutherAI__pythia-410m/results_2024-08-15T20-44-50.487861.json,c5e317546c2e20e070f805c09bf8a9f85e1089238965477c797c94e50b07d002
pythia-410m-seed3/step96000/EleutherAI__pythia-410m/results_2024-08-15T20-47-14.465192.json,0ee5189e7e14adfbc20f7d2b026a40454bf8f83353d4717e557474dc97792f0e
pythia-410m-seed3/step97000/EleutherAI__pythia-410m/results_2024-08-15T20-49-38.648988.json,530a453b9759084d8ef915ba6c418983a78ad6646585b91c8f9435733b4340a5
pythia-410m-seed3/step98000/EleutherAI__pythia-410m/results_2024-08-15T20-53-13.476009.json,e6c1ce788e58501f7de2833e127680ec4124d4a42faa973dc8fb35b5145a718e
pythia-410m-seed3/step99000/EleutherAI__pythia-410m/results_2024-08-15T20-56-23.446268.json,dc42d32e3dead96a45f36f5aa5823e879e08e574ff1792e105c8d2378641aea6
pythia-410m-seed4/step0/EleutherAI__pythia-410m/results_2024-08-15T16-57-45.665697.json,51b18667fbc5c7f397beacabbefa8233304e51a8db2b6ba26d1a5c61914c23f5
pythia-410m-seed4/step1/EleutherAI__pythia-410m/results_2024-08-15T16-59-52.216469.json,6f036c525dd6479a726584d31730e5c9d58596b90b721b386eb9858566f53e24
pythia-410m-seed4/step1000/EleutherAI__pythia-410m/results_2024-08-15T17-21-26.877049.json,e18bbfef62eaedc6d4fb8d3e79d48ea35991c44e1b06ded616bd956ac73a48ca
pythia-410m-seed4/step10000/EleutherAI__pythia-410m/results_2024-08-15T17-39-51.959777.json,b8e44a62a4137976cab86604e7e7fdb4c70d306cca41bec1ae1053d4c1da8347
pythia-410m-seed4/step100000/EleutherAI__pythia-410m/results_2024-08-15T20-59-07.960893.json,98b5d026583c94cf1a5f32147b6d04c03f728271617e41eafd5368dcc7da1718
pythia-410m-seed4/step101000/EleutherAI__pythia-410m/results_2024-08-15T21-01-27.289035.json,2379a5cdd35fbc035126367cbc9ecb71750a49864a0474943d40fc9982062cff
pythia-410m-seed4/step102000/EleutherAI__pythia-410m/results_2024-08-15T21-04-18.071101.json,b3264f26f2b47f0dfd4990d53a3bd0dd0423a08583ba270b7819db658fdb30d5
pythia-410m-seed4/step103000/EleutherAI__pythia-410m/results_2024-08-15T21-06-30.759967.json,f4efc35eebd1b89267bbfccc91e20232c4349cac11c7cc4fab865f8676d2ab35
pythia-410m-seed4/step104000/EleutherAI__pythia-410m/results_2024-08-15T21-09-04.923792.json,0651ea3d67cc33d29bdbc11afca4c1f53b170b14bd906dfcb722ec0acedcfb69
pythia-410m-seed4/step105000/EleutherAI__pythia-410m/results_2024-08-15T21-11-37.975825.json,0d6f053b51d1ab1908dc69c768dfe9b195920657031f7265deec163d24d6bff3
pythia-410m-seed4/step106000/EleutherAI__pythia-410m/results_2024-08-15T21-13-54.342920.json,6c0aa781d18a5d7004b83d59f9c94df54ae13e07c6309f9e9dcb53b41e8188d8
pythia-410m-seed4/step107000/EleutherAI__pythia-410m/results_2024-08-15T21-16-10.164463.json,5d5593c8a7d6cda433c177ea02422858fe902a593ec625ea16a4b9b945a7d5c7
pythia-410m-seed4/step108000/EleutherAI__pythia-410m/results_2024-08-15T21-19-34.824368.json,bc12fbb8d92bd77ade58c962707b54c43322bbb4c95c7a5b090f2d7c925aecf1
pythia-410m-seed4/step109000/EleutherAI__pythia-410m/results_2024-08-15T21-22-04.503750.json,7dd83cf33e2f7db7530cb099569e14ae656c08d84bf2014242b8911314d62a7c
pythia-410m-seed4/step11000/EleutherAI__pythia-410m/results_2024-08-15T17-41-44.803964.json,8ea98beabfd557d011439736209fe61a2a58c8f02df704587ea44617c42e86de
pythia-410m-seed4/step110000/EleutherAI__pythia-410m/results_2024-08-15T21-24-19.329850.json,a4c7a699fbd4298631b3386f6f5b552866e9f325143db74853b1f157df7f93e8
pythia-410m-seed4/step111000/EleutherAI__pythia-410m/results_2024-08-15T21-26-50.981971.json,6c6f57322c75350621366fa7ccc78e1ad876e03841a3dcc8aca68dc809885ceb
pythia-410m-seed4/step112000/EleutherAI__pythia-410m/results_2024-08-15T21-29-30.318546.json,5499577d3c76e5a26142aef1163c3191298d57247ef8fcded50dd31117feb266
pythia-410m-seed4/step113000/EleutherAI__pythia-410m/results_2024-08-15T21-31-51.372566.json,89d69b39e7513ca8f599bd2f04af1bb94b024fcdb6355bae363c48fb1d7772d6
pythia-410m-seed4/step114000/EleutherAI__pythia-410m/results_2024-08-15T21-34-26.531039.json,3d5c44753215ffb6b1ac3334a43d8ffc6126f2a317a0451b22e7639caf92910e
pythia-410m-seed4/step115000/EleutherAI__pythia-410m/results_2024-08-15T21-37-11.129918.json,91dc124d48f1f23212b8c1e7f176fa04358a74e0ef83f7d9106d42854c1e6449
pythia-410m-seed4/step116000/EleutherAI__pythia-410m/results_2024-08-15T21-39-03.402424.json,3f0ad691b62940e0c0e1215ab6695f4a9debc5f11df434ac79999732d3c3f06f
pythia-410m-seed4/step117000/EleutherAI__pythia-410m/results_2024-08-15T21-40-56.738888.json,5366bf0b47c53af85f2fc20525d4331b2847d177e6c0463ccea3ceeba04a5a10
pythia-410m-seed4/step118000/EleutherAI__pythia-410m/results_2024-08-15T21-43-07.564522.json,b900bdcb302a29b34a63a37c6af82d630ece3945af9bccb461e649469b55ffbf
pythia-410m-seed4/step119000/EleutherAI__pythia-410m/results_2024-08-15T21-46-09.946222.json,ce4c840304b4bfc07f41442c59cb744b15c397372c8ec1072fcb7a1fac4999bc
pythia-410m-seed4/step12000/EleutherAI__pythia-410m/results_2024-08-15T17-43-42.229978.json,1c8700c546b77107bbdd1bd47aae2e68b94fad4266d538f688ec30fe6d18200c
pythia-410m-seed4/step120000/EleutherAI__pythia-410m/results_2024-08-15T21-48-19.714002.json,84631e35718226c7b2dcacefb25c04cc78faed35207b3a24eb20503dc28fdfd9
pythia-410m-seed4/step121000/EleutherAI__pythia-410m/results_2024-08-15T21-51-03.054406.json,59a9ff7e4f14986f9fb444e79ae6e11744e825ecebd558e9ec5ce798cb9809cc
pythia-410m-seed4/step122000/EleutherAI__pythia-410m/results_2024-08-15T21-52-56.701898.json,f60fe7093c6b18adad0f3ea6197628e34d1c9a0ccce64b22e1f4ba6808101601
pythia-410m-seed4/step123000/EleutherAI__pythia-410m/results_2024-08-15T21-55-13.954836.json,ce1c820ec4763648051f7a6baf541a014c55dc91a144f8f6ae51a66f5ba37ee3
pythia-410m-seed4/step124000/EleutherAI__pythia-410m/results_2024-08-15T21-57-16.191219.json,777e1ca14083b99b4ac3ce5a3d6a5c071dad2b4912726d44034d533a15edcf78
pythia-410m-seed4/step125000/EleutherAI__pythia-410m/results_2024-08-15T21-59-59.239018.json,96e7d126cb8d8a5b87e27bfc593b09ef6a973494fd606c2296a292936ae2da74
pythia-410m-seed4/step126000/EleutherAI__pythia-410m/results_2024-08-15T22-02-22.942716.json,9b96c9a2ac0a93476fd898b8c68bb680a1a52f045c11df0aa3d051db36ec9a6d
pythia-410m-seed4/step127000/EleutherAI__pythia-410m/results_2024-08-15T22-04-27.052786.json,54abfc845873dcc35a9c5708db1f29453afad11fec2a1d99d70aad615da2bec7
pythia-410m-seed4/step128/EleutherAI__pythia-410m/results_2024-08-15T17-14-56.857722.json,22bf99f20896edb64ce9dfe7765e93114901fb6bc2dca16b0ad02ef51bb84c97
pythia-410m-seed4/step128000/EleutherAI__pythia-410m/results_2024-08-15T22-07-09.083719.json,cffa023574e371ba24f12416b85d3fcb2f298fb60662d3de02681217c725d7ac
pythia-410m-seed4/step129000/EleutherAI__pythia-410m/results_2024-08-15T22-10-35.616572.json,a04fcda55717c610dd22d9ed5a142e7fe9946f092f4c85d70d0bea4d52ed8fe5
pythia-410m-seed4/step13000/EleutherAI__pythia-410m/results_2024-08-15T17-45-39.014257.json,054cf4fd361bddd0548f11e0eaad798430d63c1cf97894074c81ac0669b1fb91
pythia-410m-seed4/step130000/EleutherAI__pythia-410m/results_2024-08-15T22-13-10.834046.json,2c7842d15d06b2af07158f06ea56a126303ac9de255732aa03f21cb68fddb4e6
pythia-410m-seed4/step131000/EleutherAI__pythia-410m/results_2024-08-15T22-15-49.243883.json,fcf553759e3df87e7dea4e425c50b5d7e47823877a42e8d51df058feda30284e
pythia-410m-seed4/step132000/EleutherAI__pythia-410m/results_2024-08-15T22-18-01.846427.json,e9ebcb8f822a6996796d323eb70b3b1ab60690fc7f6c1c469d41c59c3e211df3
pythia-410m-seed4/step133000/EleutherAI__pythia-410m/results_2024-08-15T22-20-39.212382.json,d27d1fd20c5b99dc5347a3dd3856f731126708a22ff31dfe12552bb2868b7750
pythia-410m-seed4/step134000/EleutherAI__pythia-410m/results_2024-08-15T22-22-55.784298.json,9a5c923b4d7cc400dee820de6d5d2da20ea28da6de0a39ba712a363306b80ad9
pythia-410m-seed4/step135000/EleutherAI__pythia-410m/results_2024-08-15T22-25-45.211055.json,42eb1d9f78c769c4322f24e45389505132f95f172e670980efff4fba2f8c18c8
pythia-410m-seed4/step136000/EleutherAI__pythia-410m/results_2024-08-15T22-28-22.900810.json,3c56785bb85c370fb0dd2b87a0bd970c5544a46802fbc12cf2102ea3df617bb2
pythia-410m-seed4/step137000/EleutherAI__pythia-410m/results_2024-08-15T22-30-17.015503.json,d112b906cd2670be10ebb4f07112b20d50df4a0c066fc477abc775cd4364689b
pythia-410m-seed4/step138000/EleutherAI__pythia-410m/results_2024-08-15T22-32-10.424451.json,2b16927f5bf4443cca908ae65715ff8d27ea72eeffca3fc0c505ea63298e651d
pythia-410m-seed4/step139000/EleutherAI__pythia-410m/results_2024-08-15T22-34-34.732644.json,90645d8229abdfebb4a2609de11aeb2075bb5c3f5bf08b97ed8a1309f8040038
pythia-410m-seed4/step14000/EleutherAI__pythia-410m/results_2024-08-15T17-47-35.259867.json,387769aebad229febc5dcc486ab2341d9f7f75750e86a8e5371a29a3b776d060
pythia-410m-seed4/step140000/EleutherAI__pythia-410m/results_2024-08-15T22-37-06.548072.json,87660eb875e1a996a6f66a9848fdc25605de1a24e3d7659b4199d83036cc73bd
pythia-410m-seed4/step141000/EleutherAI__pythia-410m/results_2024-08-15T22-39-26.569013.json,4e3b9dc6a15e10d2e049cbb3c709c0c10c0fbc535c1aff1c5846af8a672b373c
pythia-410m-seed4/step142000/EleutherAI__pythia-410m/results_2024-08-15T22-42-01.404167.json,76456900d557e65501c6a3720995398f3284e379dedcb63ce004f3f000529cd9
pythia-410m-seed4/step143000/EleutherAI__pythia-410m/results_2024-08-15T22-44-15.069055.json,33ae3dea50fcc6db10a03cdee029ed1fbd0b5823aaa8b4e0995a69c3f877d997
pythia-410m-seed4/step15000/EleutherAI__pythia-410m/results_2024-08-15T17-49-31.766479.json,923f352cdfae2806aa55fd35ad0c424af5551994f1a2e390e8155121cb3d4c61
pythia-410m-seed4/step16/EleutherAI__pythia-410m/results_2024-08-15T17-08-33.095294.json,714bc2d2455271e2e8c0a2a1bdbbead917ac0668a9bfea65a5d7b9641affbda9
pythia-410m-seed4/step16000/EleutherAI__pythia-410m/results_2024-08-15T17-51-54.540286.json,adf3910cf7fcff1711b51aa9cf8528a063a06d036eaea0a064c371633b3b3a49
pythia-410m-seed4/step17000/EleutherAI__pythia-410m/results_2024-08-15T17-53-47.447618.json,d6b63a1eb59557d8304514b124028216310bec7837db94151776ce9132481302
pythia-410m-seed4/step18000/EleutherAI__pythia-410m/results_2024-08-15T17-56-01.651083.json,5a5cb485744f30f6765c2d26f912f2507052f168f27adad344ac9664441db6cb
pythia-410m-seed4/step19000/EleutherAI__pythia-410m/results_2024-08-15T17-58-00.079267.json,7eeae77800319054a8aadc45d2e563be3de5cf481a299141d5d8a63ed85d0775
pythia-410m-seed4/step2/EleutherAI__pythia-410m/results_2024-08-15T17-02-06.008540.json,8c9305199a75383c1f62030f3327208523a86c76a42dbce76f7e166a73fcb9be
pythia-410m-seed4/step2000/EleutherAI__pythia-410m/results_2024-08-15T17-23-35.391850.json,e0c5b657cdf4f9866ff0aed5390e68ac60c788999b021c703a36aa22b2f06d6d
pythia-410m-seed4/step20000/EleutherAI__pythia-410m/results_2024-08-15T18-00-03.213513.json,27173aa47538282caaf30d15538e036ee1ad7153bdf3a7a059d9851faef9db74
pythia-410m-seed4/step21000/EleutherAI__pythia-410m/results_2024-08-15T18-01-55.950965.json,5dfbc93520cb7a08eed1a2abbc2b82b639d433e7fe06159ecde7f3ba29b6942a
pythia-410m-seed4/step22000/EleutherAI__pythia-410m/results_2024-08-15T18-03-52.959335.json,ee51687fe78be7c77e056d5e0e15ac0dc493b86c68b3e95844cf3bad91723128
pythia-410m-seed4/step23000/EleutherAI__pythia-410m/results_2024-08-15T18-05-48.666113.json,c8d693e66d66278478960529f366312edc565e12d57d5ba99c595e6ff2b4cd22
pythia-410m-seed4/step24000/EleutherAI__pythia-410m/results_2024-08-15T18-07-41.047006.json,9bdf34d9e0c0d052293e9de2ecfca60ef2ac1f8570da90c4fa2e93b50525e259
pythia-410m-seed4/step25000/EleutherAI__pythia-410m/results_2024-08-15T18-09-52.807272.json,ae1999f67ab47f066a35a100b4baa873a2b7ed144e4a5e59f3605c8232bb5778
pythia-410m-seed4/step256/EleutherAI__pythia-410m/results_2024-08-15T17-17-07.441328.json,2da141c2f69061d5949b76981d2f293f7e690c5e9bf774362b05d452edb45e9d
pythia-410m-seed4/step26000/EleutherAI__pythia-410m/results_2024-08-15T18-11-46.947857.json,52c57a8bb93486d64321b1eecbc3c376256b81d5f2f2e93e678839cc4a641b9a
pythia-410m-seed4/step27000/EleutherAI__pythia-410m/results_2024-08-15T18-13-41.724813.json,bab9ed696ac63c3a1809c70d62b205170339f46939c2079bbdc784e1763a4910
pythia-410m-seed4/step28000/EleutherAI__pythia-410m/results_2024-08-15T18-15-35.131144.json,69cde65c1678bd27f9c97bdd702c9d0316eccd837386d83c7dcce6d3e377e434
pythia-410m-seed4/step29000/EleutherAI__pythia-410m/results_2024-08-15T18-17-41.919509.json,bdb52251780264347b69c52af769c864c225cea513bf0e7ab8ba1b2ea5c121f3
pythia-410m-seed4/step3000/EleutherAI__pythia-410m/results_2024-08-15T17-25-46.496933.json,ac8b8d0d62a505f3ae5c9153f99db36f757da7dbf74b39d7a1c256db98948f4e
pythia-410m-seed4/step30000/EleutherAI__pythia-410m/results_2024-08-15T18-19-38.218618.json,45f67761e0d5950eda3abb8b5a112b53783ff5790741696831a0f038bc6b879e
pythia-410m-seed4/step31000/EleutherAI__pythia-410m/results_2024-08-15T18-21-49.635808.json,d6e5115ef118950839f2d5114ff982b012d23f7e1c4e3629ff460842481df25f
pythia-410m-seed4/step32/EleutherAI__pythia-410m/results_2024-08-15T17-10-38.489551.json,a552bf1951f95c34b3f0572a75f9eaf1d41fb4e95df7bc0ebc109ec78d619275
pythia-410m-seed4/step32000/EleutherAI__pythia-410m/results_2024-08-15T18-23-41.366157.json,6677e572f453c3a224a705dd447f5fef3e976781f5114a2c9d69de60d3221ebc
pythia-410m-seed4/step33000/EleutherAI__pythia-410m/results_2024-08-15T18-25-33.671110.json,725e4edf7326595a2758d0afef4094d5b05e5f2243140174476b846ed884ffa4
pythia-410m-seed4/step34000/EleutherAI__pythia-410m/results_2024-08-15T18-27-27.142023.json,ce800d14c2442d79eb94bd69ada72aa760652a799d45a665a27f4a0333254f01
pythia-410m-seed4/step35000/EleutherAI__pythia-410m/results_2024-08-15T18-29-26.370415.json,686e88bbe396cd11edcd98b74c7b553cccd3fa8298907f789f8276fee1318b49
pythia-410m-seed4/step36000/EleutherAI__pythia-410m/results_2024-08-15T18-31-23.085855.json,8efa5cd7edda445924a249dc526958c104b3ac9b828c925c46b867885a71c735
pythia-410m-seed4/step37000/EleutherAI__pythia-410m/results_2024-08-15T18-33-16.612643.json,f1fa27d80bb3ece17253ec8d345e6eb08cedcac4bda7a3281b855321baeae256
pythia-410m-seed4/step38000/EleutherAI__pythia-410m/results_2024-08-15T18-35-10.387976.json,2e4872600c591c634aa9d405a140eae2e46ae7e2daef7470301e805eebdf47cf
pythia-410m-seed4/step39000/EleutherAI__pythia-410m/results_2024-08-15T18-37-05.295160.json,f6411197dbded598cf9104d024b3e128733bf077695305c01e57db66584cb339
pythia-410m-seed4/step4/EleutherAI__pythia-410m/results_2024-08-15T17-04-09.721871.json,0dcb7d254d9f594670de6145fde8356630b7722768a1e8f566f8aba2e9333e8d
pythia-410m-seed4/step4000/EleutherAI__pythia-410m/results_2024-08-15T17-28-04.300628.json,4a8e9df8ca82a926c7e69ab5bfb84f84d53dddce07886981d13e7adb925be095
pythia-410m-seed4/step40000/EleutherAI__pythia-410m/results_2024-08-15T18-39-06.248005.json,b154e785b8089972b14daefbe118e99d4322fcb4d562a4fad1ae639dbacbacef
pythia-410m-seed4/step41000/EleutherAI__pythia-410m/results_2024-08-15T18-40-57.134780.json,c6d04e79ae3978425bfd71a9577b93a0c9c08ff510251ac9d6b0a2103d31f622
pythia-410m-seed4/step42000/EleutherAI__pythia-410m/results_2024-08-15T18-42-53.345438.json,1f27673fbd2c2f1d3a723c89a659e00f789bc497eb266cc9170d4d4ebe1241ca
pythia-410m-seed4/step43000/EleutherAI__pythia-410m/results_2024-08-15T18-45-02.013951.json,97ac601fcdebaf5a98d445a2024e99c626a5ebe64c1e66fe8be9caa9b1cb564b
pythia-410m-seed4/step44000/EleutherAI__pythia-410m/results_2024-08-15T18-46-56.919709.json,38aaf324b9701edab44463696bfe03e6952b3181215f5209eaa7547c3cc7c2e3
pythia-410m-seed4/step45000/EleutherAI__pythia-410m/results_2024-08-15T18-49-10.247976.json,c99f144ee8c1ea7c3e13eb96b50432a80339826592c7f25e4a5b9825afe02987
pythia-410m-seed4/step46000/EleutherAI__pythia-410m/results_2024-08-15T18-51-05.075991.json,1f6ed2ff0f9a86fd54c3442301d2af50508481dafa2a50dbfd9d0de411027090
pythia-410m-seed4/step47000/EleutherAI__pythia-410m/results_2024-08-15T18-52-59.238599.json,caa06236a679461179b4e4e5f9a02c8ad45d7855694f1ede02b9aab1dcbb288f
pythia-410m-seed4/step48000/EleutherAI__pythia-410m/results_2024-08-15T18-55-07.457665.json,24924fc353f4d4cec00b162073aeb06807629361be5b24f79e4530de27577e5b
pythia-410m-seed4/step49000/EleutherAI__pythia-410m/results_2024-08-15T18-57-07.124988.json,d2d92d012780f941150d9f1f186a144b3e7fdae00079d455e94e4b930888d7f3
pythia-410m-seed4/step5000/EleutherAI__pythia-410m/results_2024-08-15T17-30-12.950272.json,a4d09eb370bc2af60f5a09e7a97f2a57e95302b7dab7713f6bf880895ba170b8
pythia-410m-seed4/step50000/EleutherAI__pythia-410m/results_2024-08-15T18-59-07.750526.json,b43596054fccc66bd51fc8280525d2cb47b6e50bd9e959dc5a4427f5432671a5
pythia-410m-seed4/step51000/EleutherAI__pythia-410m/results_2024-08-15T19-01-10.966125.json,9eb75ad06b76a437118bf531a496492d1f165e35e518d6c3bc73b08af0920083
pythia-410m-seed4/step512/EleutherAI__pythia-410m/results_2024-08-15T17-19-15.752331.json,af542fb9915eac5be1eb26950368d90ae25f49ca26407bbce285ab3f8f6fd43c
pythia-410m-seed4/step52000/EleutherAI__pythia-410m/results_2024-08-15T19-03-01.417745.json,3afd8163a3ecec1ab65e127f6d3f010611b04b93157490961442fbcfcc6f80a8
pythia-410m-seed4/step53000/EleutherAI__pythia-410m/results_2024-08-15T19-04-54.863538.json,c23388ccc395f5562b404b5adb16ce4384a435686495c549c0289242e9a335be
pythia-410m-seed4/step54000/EleutherAI__pythia-410m/results_2024-08-15T19-06-48.109751.json,f9e33706d6545e4598d0ae2c80ef637122b4f652b36c96f6348ebd622d14ccd3
pythia-410m-seed4/step55000/EleutherAI__pythia-410m/results_2024-08-15T19-08-44.682616.json,c451d500a0c65067eff118f8715ad016c6e7f00615a80421f96975a7171392db
pythia-410m-seed4/step56000/EleutherAI__pythia-410m/results_2024-08-15T19-10-29.782045.json,1cce9d9ba51357b1ce41c46069d13307e01552dea17c3710147f2905fbc61586
pythia-410m-seed4/step57000/EleutherAI__pythia-410m/results_2024-08-15T19-12-22.291645.json,4883d48f8ae522c2c060d63c291377f362b673a4f784a083051a2ad81dddb4f4
pythia-410m-seed4/step58000/EleutherAI__pythia-410m/results_2024-08-15T19-14-10.351292.json,c83747f0a24c86bb001d68da458a75334bc35aedb1c05354da7b69bc988d8578
pythia-410m-seed4/step59000/EleutherAI__pythia-410m/results_2024-08-15T19-16-07.607297.json,e87d3e61fd6507319babd15a47f1f7d6ce596316a3bde7f424005104d2caa974
pythia-410m-seed4/step6000/EleutherAI__pythia-410m/results_2024-08-15T17-32-10.164305.json,367da226832171cd97e0666da0ecdecfc9f5c4c75049dd8d8e297365d10fe1f6
pythia-410m-seed4/step60000/EleutherAI__pythia-410m/results_2024-08-15T19-18-07.951418.json,bbe3f23dd8c33e0fc9c7ec5f2c13d66663a58c7dd4a447aea3f557347b8add72
pythia-410m-seed4/step61000/EleutherAI__pythia-410m/results_2024-08-15T19-20-03.873423.json,6d9cf2c984359140bf29b8ba0817b48740eae5fa182f2fe5e6ff4ec803a2e85e
pythia-410m-seed4/step62000/EleutherAI__pythia-410m/results_2024-08-15T19-22-02.941951.json,ec12c102c7b70d3c2d0171101b983f828647907dcc4c8a4a6b242285b6af510d
pythia-410m-seed4/step63000/EleutherAI__pythia-410m/results_2024-08-15T19-23-48.718693.json,c55f37c02503a362d97431636120ad6684d1433d0a42d92de8f4d3bc036505bf
pythia-410m-seed4/step64/EleutherAI__pythia-410m/results_2024-08-15T17-12-48.508288.json,34c989091fab300f03c3bcb325b1d6ed0b4138a7244b8f8073bf9bf0a8a835cc
pythia-410m-seed4/step64000/EleutherAI__pythia-410m/results_2024-08-15T19-25-37.896042.json,8742a37320bc440e5bfa0871388f59e1e85c9c09ac1779eb03f507dbabd92633
pythia-410m-seed4/step65000/EleutherAI__pythia-410m/results_2024-08-15T19-27-25.200387.json,2e879f95dfaf0e2e91d10c96938c7dceb39fe114ab9fb74c865cb7b5471d1292
pythia-410m-seed4/step66000/EleutherAI__pythia-410m/results_2024-08-15T19-31-41.627452.json,84deb649b2e2d628099a8563d5e4a8cb5931e8608df2c22daeee22381e6e9f2b
pythia-410m-seed4/step67000/EleutherAI__pythia-410m/results_2024-08-15T19-33-28.102476.json,d0629bd434f08d7be7a0fa68fb65a3678aa707ce2a837a47a840f0407a3a8e0e
pythia-410m-seed4/step68000/EleutherAI__pythia-410m/results_2024-08-15T19-35-40.508749.json,1fa8afc806cce93e5773e6db7ca155da653fc8fc58e5996b226d4d15bb1083ab
pythia-410m-seed4/step69000/EleutherAI__pythia-410m/results_2024-08-15T19-38-10.102845.json,229cf9fc5001ca3dcf839ed30cdedd6dd9d86b858e385af063dc0c76847a30e2
pythia-410m-seed4/step7000/EleutherAI__pythia-410m/results_2024-08-15T17-34-05.477639.json,631755803e9f59c6c95b020346586898bf25124387045b7970a54fdeb373a067
pythia-410m-seed4/step70000/EleutherAI__pythia-410m/results_2024-08-15T19-40-42.302777.json,a90363e653107ba35b67444b85f2355ab06c829de963bf1348c5f1fa9bf6288c
pythia-410m-seed4/step71000/EleutherAI__pythia-410m/results_2024-08-15T19-42-57.809164.json,04d54fba6e45a9b5426f868e641536e7b15f421dd27433125c5d753cd294502d
pythia-410m-seed4/step72000/EleutherAI__pythia-410m/results_2024-08-15T19-45-21.576646.json,66f517862fc3de6661a92b7553c3d60f6df004557868e4caee0f7ebde3bf56f2
pythia-410m-seed4/step73000/EleutherAI__pythia-410m/results_2024-08-15T19-47-55.983701.json,85bc0cd8263d30fce0c6f3ebda6910526c4c7cf70c8abfdf91a6286a2efba878
pythia-410m-seed4/step74000/EleutherAI__pythia-410m/results_2024-08-15T19-50-36.144187.json,ec64589a1527feb652175693eac351e16f49bf790fad76b8aba5706f6222f141
pythia-410m-seed4/step75000/EleutherAI__pythia-410m/results_2024-08-15T19-53-16.943310.json,fef1a024f4a22d6c19388492593f07be95f14383f2f348adef657c3c69ef6d25
pythia-410m-seed4/step76000/EleutherAI__pythia-410m/results_2024-08-15T19-55-46.528603.json,208b3cf97185f6ab275a40172044a1db4a321d19ac91733c68b439300be895d3
pythia-410m-seed4/step77000/EleutherAI__pythia-410m/results_2024-08-15T19-58-19.262733.json,8f137754c96d7f6bac04afb0bed3a90cb826953de1da9a0951ff55e00859d15b
pythia-410m-seed4/step78000/EleutherAI__pythia-410m/results_2024-08-15T20-00-44.607120.json,8814a93e1d9c07d1a596df0d0990a3985ee2da47c3f2318e5fd18469469ed0d3
pythia-410m-seed4/step79000/EleutherAI__pythia-410m/results_2024-08-15T20-03-10.245513.json,ddc3dc4b7fe8e77f1dad37deac51c0ab385f313f5e58fc02c3965635f4a28cbb
pythia-410m-seed4/step8/EleutherAI__pythia-410m/results_2024-08-15T17-06-18.244254.json,7521d9251ed43f721cf360c56bb7e29421834878a4cf2c2ddb5efcddb14e3efe
pythia-410m-seed4/step8000/EleutherAI__pythia-410m/results_2024-08-15T17-36-02.987334.json,9edbb8afedaecbcda6b674fab70f2e622e614a2212c01674d73872969514f654
pythia-410m-seed4/step80000/EleutherAI__pythia-410m/results_2024-08-15T20-05-36.483473.json,eb002dadd4c74559b3452361c14cbbdf9478f53820aa47d63671a4efb6cae6b5
pythia-410m-seed4/step81000/EleutherAI__pythia-410m/results_2024-08-15T20-08-03.607582.json,3f854c558eedb61fa801a230161e3befa11b2f4bd75c62114e73d61ed4033d1d
pythia-410m-seed4/step82000/EleutherAI__pythia-410m/results_2024-08-15T20-10-48.408259.json,dfcfd03d0d79fef23da11d147b6cdc00d61a5fe8577d4257ce78d684ad2826e1
pythia-410m-seed4/step83000/EleutherAI__pythia-410m/results_2024-08-15T20-12-41.071473.json,1cd4942ddf787540be9c207a89d46bb794a40de5081103faebec8e7ebf0e2c4a
pythia-410m-seed4/step84000/EleutherAI__pythia-410m/results_2024-08-15T20-14-44.316880.json,41529028fddacd546dce9b9fda2fee465f87c142a9ff9acea26065601a8f6a44
pythia-410m-seed4/step85000/EleutherAI__pythia-410m/results_2024-08-15T20-17-04.987597.json,f4d66002d3063860b35c73a5d1a8a0124d6d51b291b543be29d35cb58b86e526
pythia-410m-seed4/step86000/EleutherAI__pythia-410m/results_2024-08-15T20-19-24.507129.json,6f3cf21a1cb31de79dc3b5271a8fa0a0666a160b80b300ffd5cb3b879248a372
pythia-410m-seed4/step87000/EleutherAI__pythia-410m/results_2024-08-15T20-22-05.857848.json,77325528be18d17503cef48b7eedab4b31058462fda072600ddbe2ab87c2c113
pythia-410m-seed4/step88000/EleutherAI__pythia-410m/results_2024-08-15T20-24-32.700217.json,d089d38e2ac9b498d570e50a9f76c585ab065721ac9e056f4b551e97027a73e4
pythia-410m-seed4/step89000/EleutherAI__pythia-410m/results_2024-08-15T20-28-23.212855.json,ac1da4dc649dd1a182ceae3d221f8c236fb567ebf150b76f2ecf01426ec2bb9a
pythia-410m-seed4/step9000/EleutherAI__pythia-410m/results_2024-08-15T17-38-00.829031.json,d7d67b5b0b40b82f7cd1a0b7df5f4d332cf411c18538dfba5d3eed471c1cd9a5
pythia-410m-seed4/step90000/EleutherAI__pythia-410m/results_2024-08-15T20-32-13.508965.json,5554f7a2ef067be1e6d912c578d20bec78bd476b4da53afb01973a4ec57855f6
pythia-410m-seed4/step91000/EleutherAI__pythia-410m/results_2024-08-15T20-34-14.877001.json,9fbec2ba4a9c5b6383605241d2de7bc4bb55ec04e2a239a340a1741322c75643
pythia-410m-seed4/step92000/EleutherAI__pythia-410m/results_2024-08-15T20-37-02.473622.json,c29ca4f1c992dc60cf7aa23d5fc46fa62443c3bd3091b6ab2ae6600698828395
pythia-410m-seed4/step93000/EleutherAI__pythia-410m/results_2024-08-15T20-39-28.245777.json,e2922a1e4dd839b5abeaa04e2dab807d3b3be9d1838c4feca87f376ed19b1619
pythia-410m-seed4/step94000/EleutherAI__pythia-410m/results_2024-08-15T20-42-16.440575.json,c5aac7619155db42fa99d2ef438708d664c623ee28cc4d3c55b48755b64f2dda
pythia-410m-seed4/step95000/EleutherAI__pythia-410m/results_2024-08-15T20-44-50.523596.json,0450f114503c7a856111e363f9f8b8ce5f2c337c7c00a518c788f22155db6c7a
pythia-410m-seed4/step96000/EleutherAI__pythia-410m/results_2024-08-15T20-47-15.903852.json,b1e9faa90e4a503eb8d8393e969cfbff38110e6a8cb5f700d9e774afc42ecebc
pythia-410m-seed4/step97000/EleutherAI__pythia-410m/results_2024-08-15T20-49-38.939880.json,ee2fa761318da04770fe45ef9804a3d8f325b1230cb342dd8e704b86a0ba92ad
pythia-410m-seed4/step98000/EleutherAI__pythia-410m/results_2024-08-15T20-53-12.916009.json,3aa79e9b3db7a6a6a86d051b3f1e49022f8930cbb2f31e957503116421bb2ea1
pythia-410m-seed4/step99000/EleutherAI__pythia-410m/results_2024-08-15T20-56-22.628501.json,0e849dd27cad1545dfaedcccd5570076735c6521f88d133033e6800f2631ea1e
pythia-410m-seed5/step0/EleutherAI__pythia-410m/results_2024-08-15T18-48-58.718961.json,08800f93eb91eda3fa6aaca5064bdb1eb8881dd0a31ab6ec92e36fcd2f80665b
pythia-410m-seed5/step1/EleutherAI__pythia-410m/results_2024-08-15T18-50-41.215391.json,89a2bcd0a3d0d32b63813528fabb2aa10c8133d1d31f329702c748d1ed9139ae
pythia-410m-seed5/step1000/EleutherAI__pythia-410m/results_2024-08-15T19-06-59.664589.json,e7bebc3de23d7d23f03a73bc731ef9e214cb8b60f6f3215a4ae6d67803460fc1
pythia-410m-seed5/step10000/EleutherAI__pythia-410m/results_2024-08-15T19-21-40.919563.json,4f3486887e25f46144cfaa1ee587f9ff83151756ad464a7e76a4425ca30ebb88
pythia-410m-seed5/step100000/EleutherAI__pythia-410m/results_2024-08-15T21-52-47.123026.json,e05ebdc6914a769ef89a2572a6cd62402571b8e7f7f98c7ab0b89bece78db50a
pythia-410m-seed5/step101000/EleutherAI__pythia-410m/results_2024-08-15T21-54-31.432729.json,9c22d4896397a05de0ba20e874f5b358e082987385253f719349dea9c330eb8d
pythia-410m-seed5/step102000/EleutherAI__pythia-410m/results_2024-08-15T21-56-06.483056.json,a249f2a30d3437481b2852c56a68b2b72f2df40e8d2cdbdba64db6e36a09df9f
pythia-410m-seed5/step103000/EleutherAI__pythia-410m/results_2024-08-15T21-57-50.706310.json,f12c1627b744eb224cc2ec486cda8de3dc6786378399927fcff9879ddaf3f87e
pythia-410m-seed5/step104000/EleutherAI__pythia-410m/results_2024-08-15T21-59-35.106083.json,ee4e26cdaae22ce56843d2de56c1abaed8d4a2d6623c226514527c71422ab246
pythia-410m-seed5/step105000/EleutherAI__pythia-410m/results_2024-08-15T22-01-14.055221.json,58a15d667fc1177d15a113ece8210cf808c90d8e849b41e4c97ebb2a998cbfbd
pythia-410m-seed5/step106000/EleutherAI__pythia-410m/results_2024-08-15T22-02-52.278912.json,39e557a72563cd5563637b18392deb7c8e7ab5816acc3e0b9a678ff835587cb5
pythia-410m-seed5/step107000/EleutherAI__pythia-410m/results_2024-08-15T22-04-55.882091.json,c96facdcdf8480f816bebc10386f0b8c4ef65c16ec3fe11bde9315db61b8358c
pythia-410m-seed5/step108000/EleutherAI__pythia-410m/results_2024-08-15T22-06-57.566263.json,cccd90a47e3b61f9ba3dbe07ec876b01798a29da56f75b8f579f27c1cd416fa4
pythia-410m-seed5/step109000/EleutherAI__pythia-410m/results_2024-08-15T22-08-34.833223.json,56d3d75edf19ac859c46d03124bdd403b97996b3bb91d44a62bc682cb0cbf5cc
pythia-410m-seed5/step11000/EleutherAI__pythia-410m/results_2024-08-15T19-23-18.223192.json,8cec70136e930ce6b8521e80df43da5e687ce5159117a2e155517b9ab0e7d566
pythia-410m-seed5/step110000/EleutherAI__pythia-410m/results_2024-08-15T22-10-12.095715.json,cc9ee026ade9512db882baf4e4cf30b2ba0b305c3edd055104aa3ce25f6496f2
pythia-410m-seed5/step111000/EleutherAI__pythia-410m/results_2024-08-15T22-11-50.409535.json,d073f15d06864094457ffa0742430c636c508ecf88a2aadad26a85ed3702c891
pythia-410m-seed5/step112000/EleutherAI__pythia-410m/results_2024-08-15T22-13-25.985243.json,32ec2cc7fb75daf7afaa644114ef3b7b90ba1d0afcc4e11716c0bfb1293631ae
pythia-410m-seed5/step113000/EleutherAI__pythia-410m/results_2024-08-15T22-15-09.554734.json,56ec16a4eb291e40b2fd986896ad6cd581f242f03d5ccebf7a9dbdf62517495c
pythia-410m-seed5/step114000/EleutherAI__pythia-410m/results_2024-08-15T22-16-44.039447.json,6fad14b48230c50aacb504070e07152d7379ce765e6993a00ccb1995154b8104
pythia-410m-seed5/step115000/EleutherAI__pythia-410m/results_2024-08-15T22-18-26.679757.json,f4921ac0a05c319733e87caebf8fb6298c9c20f6f8d2cc2d397fd30aefdb6b58
pythia-410m-seed5/step116000/EleutherAI__pythia-410m/results_2024-08-15T22-20-12.091509.json,baa1c4738abd66bc9b192ac030d5680e69d539779887edbe4d38eb335e4b8ee9
pythia-410m-seed5/step117000/EleutherAI__pythia-410m/results_2024-08-15T22-21-54.050634.json,e175f554b456b0117f9d625cf293bda2e2163a1ad6b4966f93af00c017c059e9
pythia-410m-seed5/step118000/EleutherAI__pythia-410m/results_2024-08-15T22-23-28.072413.json,748c954adc65b7151aaae7ab25f327dd253946a991c94531077bc188e4340be7
pythia-410m-seed5/step119000/EleutherAI__pythia-410m/results_2024-08-15T22-25-39.232771.json,319a3af581fbe42d5d6c501d3b75c41ceb7ac6d891e4976fbac09fbf3ad898dd
pythia-410m-seed5/step12000/EleutherAI__pythia-410m/results_2024-08-15T19-24-59.425748.json,e38a1f7a2ca94c63fc85779fd6a4b5ec481aea1f2ad2566d5ba3750094ed0155
pythia-410m-seed5/step120000/EleutherAI__pythia-410m/results_2024-08-15T22-27-19.541880.json,6216d5399a57865b87c2b921a5201b43c1609ca45b03fbe6fb35f1db435411c9
pythia-410m-seed5/step121000/EleutherAI__pythia-410m/results_2024-08-15T22-28-53.646146.json,c6d03512a3c322c9a588e4c8e4da6a6ac9c6af2f6b372fb775c531254f014fa4
pythia-410m-seed5/step122000/EleutherAI__pythia-410m/results_2024-08-15T22-30-34.347395.json,2f4390d1fe1e0e3f502a979a90c90a9668acc4d21eece8dde1f5410f35c81314
pythia-410m-seed5/step123000/EleutherAI__pythia-410m/results_2024-08-15T22-32-19.762711.json,bf284e1870e29b0993c6d20e7ef239d2cfa906e700ed6ce3fb679e1fb0023c0d
pythia-410m-seed5/step124000/EleutherAI__pythia-410m/results_2024-08-15T22-34-01.036914.json,b776be859c0be87260675f2725dbc5469c1b87f63c59222c5a2e4d61e31737dc
pythia-410m-seed5/step125000/EleutherAI__pythia-410m/results_2024-08-15T22-35-40.347069.json,968fea03cd7bf41cc8db22d7bf2fe95db47fdec5813e7016018f844bf1b292aa
pythia-410m-seed5/step126000/EleutherAI__pythia-410m/results_2024-08-15T22-37-27.582718.json,e5ca411a69af4b1c1763ac9f74aa551e20a9fe72cc9d9b979b78525c99969b0a
pythia-410m-seed5/step127000/EleutherAI__pythia-410m/results_2024-08-15T22-39-37.620229.json,bf3ba9411b2d1cdfe7f4a1fd525f6a800c1f95cab7925105caf3d5a37e4938a1
pythia-410m-seed5/step128/EleutherAI__pythia-410m/results_2024-08-15T19-02-05.152346.json,59784346262ead45bcbe1bf062518bd9ea015220a22f08a16c52fd7278b62116
pythia-410m-seed5/step128000/EleutherAI__pythia-410m/results_2024-08-15T22-41-20.510335.json,49fb96a41d07ba33e26aa3b1d7fa0d5cc21becfd1338d0a8308f1102da879550
pythia-410m-seed5/step129000/EleutherAI__pythia-410m/results_2024-08-15T22-42-57.435344.json,fa45c14bbc8aa12d595932aa1315123eda32b4ef842ef51be2d8e3d578e04274
pythia-410m-seed5/step13000/EleutherAI__pythia-410m/results_2024-08-15T19-26-34.860901.json,dfcbac3e8227352e1a8afa5845f0bb522d567cc0c6b69525388a28a3b4add7ca
pythia-410m-seed5/step130000/EleutherAI__pythia-410m/results_2024-08-15T22-44-38.338029.json,31274c64dfd0a1c2aeb28b20849c5bb4eaea71f52da76354f1c9662fbfc34e08
pythia-410m-seed5/step131000/EleutherAI__pythia-410m/results_2024-08-15T22-46-20.434794.json,5d55c417fb0892b731df970dedc5ee3d30a258cb9170e957d5cd5960d10c0456
pythia-410m-seed5/step132000/EleutherAI__pythia-410m/results_2024-08-15T22-47-56.887075.json,7462b56415d1a9b6ffef1e2ae8da0216bc1a2e0a3dd8722b4948ea7534a7946e
pythia-410m-seed5/step133000/EleutherAI__pythia-410m/results_2024-08-15T22-49-33.105298.json,a5b5e02d8476c4c95350404859f9b6aa277f27940edc9dead5c7dceac635d22b
pythia-410m-seed5/step134000/EleutherAI__pythia-410m/results_2024-08-15T22-51-12.964732.json,df54cadf291fd336b5743f4c66d19be55f00b3d8e6e4e0c92c6dc3f98c883f5a
pythia-410m-seed5/step135000/EleutherAI__pythia-410m/results_2024-08-15T22-52-52.272503.json,2f70be0e35de261c2edc5bcbe1f1911ec2ce684359c99a1edc87adb4efe11737
pythia-410m-seed5/step136000/EleutherAI__pythia-410m/results_2024-08-15T22-54-36.486009.json,33d00989a7835654dae68a1bdd04af926b5689c3d347d399fcfbc088340c64e6
pythia-410m-seed5/step137000/EleutherAI__pythia-410m/results_2024-08-15T22-56-15.424814.json,911fe18aa5e774bf2fdab6128b5f61b9ccf7c04e84c5b1c8df730c8166ab91ff
pythia-410m-seed5/step138000/EleutherAI__pythia-410m/results_2024-08-15T22-57-52.842691.json,1d031a794f6aea753a0337a9728479801e7634e891f12f4d65367ce03e010a8c
pythia-410m-seed5/step139000/EleutherAI__pythia-410m/results_2024-08-15T22-59-37.207848.json,b1bd33f963d88e78aa2f03a798306ffc55d34ab981e5a5ba5512ff19d4ad15da
pythia-410m-seed5/step14000/EleutherAI__pythia-410m/results_2024-08-15T19-28-15.813760.json,4de6ddd51eae89bd62e903b86cd7d64fa34cbc8246aca0e3fa2029322861e899
pythia-410m-seed5/step140000/EleutherAI__pythia-410m/results_2024-08-15T23-01-12.466134.json,05eda934e4e74ab95230c329872a8670cf1285f58fa57f50fc00448d718a55d9
pythia-410m-seed5/step141000/EleutherAI__pythia-410m/results_2024-08-15T23-02-50.460343.json,17915e7226e6e3116fb174579e914a0010f18bb0b4dc704bf560fc70f013e5e4
pythia-410m-seed5/step142000/EleutherAI__pythia-410m/results_2024-08-15T23-04-27.384824.json,2cb2cfab692ff9dc71f522d540a750581f8c73887586f9da2f05073b17c936f7
pythia-410m-seed5/step143000/EleutherAI__pythia-410m/results_2024-08-15T23-06-07.493070.json,14b318cdfd4ad166832715f00816d6cbf8fcf44e2eba49ee41c5d6f1f14fe403
pythia-410m-seed5/step15000/EleutherAI__pythia-410m/results_2024-08-15T19-29-50.275487.json,382d618a30fff5d92a7edb4f68decbea2b92a1bc29daea2a7f0aca9237a73ae0
pythia-410m-seed5/step16/EleutherAI__pythia-410m/results_2024-08-15T18-57-13.924553.json,c8b2156ef93ec2d23e70112eaece25bfe98a58904e359638a44a20536b4b96d2
pythia-410m-seed5/step16000/EleutherAI__pythia-410m/results_2024-08-15T19-31-27.986959.json,456e22d2544c889d0e49bab2a0bfc126f92208bcd48f0483aef2b32e2bde81c5
pythia-410m-seed5/step17000/EleutherAI__pythia-410m/results_2024-08-15T19-33-04.441906.json,11047f56a373eb60f4f2c83df6a7e230d465ed859160de241294ea473143e60b
pythia-410m-seed5/step18000/EleutherAI__pythia-410m/results_2024-08-15T19-34-41.844397.json,3d212318e29535215e6841041a47e4d7b4cd5424108f4f0a2124282b2c763361
pythia-410m-seed5/step19000/EleutherAI__pythia-410m/results_2024-08-15T19-36-20.013857.json,50a873dbdd2c6b05769bb92866c78920dc42538f1e6bf1f7c4479b5eacccef17
pythia-410m-seed5/step2/EleutherAI__pythia-410m/results_2024-08-15T18-52-15.362427.json,33b25e90b5f603a2e1db4fc5ee5cfad4d39af81d6da7fb4d4d76c2e256e7d775
pythia-410m-seed5/step2000/EleutherAI__pythia-410m/results_2024-08-15T19-08-40.990341.json,6328a8ca5c998d6a602d83f8095631a1fa0e20e4372743889c96a15867c856b7
pythia-410m-seed5/step20000/EleutherAI__pythia-410m/results_2024-08-15T19-37-57.661552.json,4fbb35547c1a393f438d5982bfeb43b5c6ce5741aba5a17e2d2e7b36b198e535
pythia-410m-seed5/step21000/EleutherAI__pythia-410m/results_2024-08-15T19-39-35.637410.json,5ccba588c324329696a3bbe0ca87da74d9b9c9227e97d83be446a564825d23e8
pythia-410m-seed5/step22000/EleutherAI__pythia-410m/results_2024-08-15T19-41-14.399427.json,e20cbc7266e19685c8c622a43a365743b3a220db05d5cc2342ec154bf3bd16a7
pythia-410m-seed5/step23000/EleutherAI__pythia-410m/results_2024-08-15T19-42-51.691918.json,394687498fa05b2e30b81af1ca165c992978c6a4d89630beda2ccbd1894a5d4f
pythia-410m-seed5/step24000/EleutherAI__pythia-410m/results_2024-08-15T19-44-32.978650.json,7441d4946d3a60a2c2a411e8695d415f81d65a203d1d181be18b0278accdc7e7
pythia-410m-seed5/step25000/EleutherAI__pythia-410m/results_2024-08-15T19-46-09.113171.json,0a2c8dd399dd6e0a5aa52eac0691fad2eca9479c5f5e388ea0daa6d98504e19e
pythia-410m-seed5/step256/EleutherAI__pythia-410m/results_2024-08-15T19-03-42.466445.json,d3b12129d5dd71ceccf6cdce7070af8ba728689876bc08b10d0e360622216ebb
pythia-410m-seed5/step26000/EleutherAI__pythia-410m/results_2024-08-15T19-47-51.418958.json,2d8502cdd347c50946cadbc227700fb743fff2abccb0411972c430a5fdb706fa
pythia-410m-seed5/step27000/EleutherAI__pythia-410m/results_2024-08-15T19-49-26.713734.json,114d076ac213fb482e46a3682a8d90b3e07a0aa27303a950997b5a6160dcc4af
pythia-410m-seed5/step28000/EleutherAI__pythia-410m/results_2024-08-15T19-51-09.432869.json,d7bbbba466cc1b774a73c8fa5f028c5ff7780b1f9f699fc446977539904772db
pythia-410m-seed5/step29000/EleutherAI__pythia-410m/results_2024-08-15T19-52-44.660976.json,77d9a87f333df430b0ee997a50545f8eaeb3e7fc11420570db1d0735f8e7ee2d
pythia-410m-seed5/step3000/EleutherAI__pythia-410m/results_2024-08-15T19-10-14.277178.json,c5b12d4d143209f00028b597d9ade8ecfcc263f571fa8fda71befa9f4ed49b8c
pythia-410m-seed5/step30000/EleutherAI__pythia-410m/results_2024-08-15T19-54-25.765200.json,6debe6a77497d9c64acd5ef2f442176ca03efe54cde34cfd68c314f5c05c8821
pythia-410m-seed5/step31000/EleutherAI__pythia-410m/results_2024-08-15T19-56-01.505742.json,861efe8f58d126ac6b1f045c5639623526df205201466cb0c462c442cbd1ebab
pythia-410m-seed5/step32/EleutherAI__pythia-410m/results_2024-08-15T18-58-48.192504.json,e7bd13894af43cf4b77fe14426576ee97cea8c5b7cf243e70ac92dba17111b7d
pythia-410m-seed5/step32000/EleutherAI__pythia-410m/results_2024-08-15T19-57-38.515561.json,db6a85199951a09057b9190e745d61a0e049fddf7a182e438ea98726fec124cb
pythia-410m-seed5/step33000/EleutherAI__pythia-410m/results_2024-08-15T19-59-20.554357.json,7b271883603822de3018f91b7b091e45f1b10806dcbe468496378cf384dad551
pythia-410m-seed5/step34000/EleutherAI__pythia-410m/results_2024-08-15T20-00-57.305222.json,d50546cb91a90af6eeac0c30671413de3cfc449760da04ed263cc754f455d692
pythia-410m-seed5/step35000/EleutherAI__pythia-410m/results_2024-08-15T20-02-37.662850.json,fc5443ef2d6938ccc8b4192080e48c034bc47683c98dbe7c3f9cd7257d556e4e
pythia-410m-seed5/step36000/EleutherAI__pythia-410m/results_2024-08-15T20-04-15.150539.json,04d50291e264e362cfbfe981ed53f2d6016e5f0e354765f64e9d3541c8cae494
pythia-410m-seed5/step37000/EleutherAI__pythia-410m/results_2024-08-15T20-05-52.842644.json,4dc8f46f86094e671bc128705217d8ed0a44aa4c35e0988666292b3235ad4114
pythia-410m-seed5/step38000/EleutherAI__pythia-410m/results_2024-08-15T20-07-30.834413.json,8b7ba718184a0e2e358ad0927de8fa088a72b59090babdb1871c6b6ea7d19cf1
pythia-410m-seed5/step39000/EleutherAI__pythia-410m/results_2024-08-15T20-09-12.688672.json,c362c90a380154ea1c8024c4c1b83fbf185d78b048ba0125accd37bf204534af
pythia-410m-seed5/step4/EleutherAI__pythia-410m/results_2024-08-15T18-53-53.566926.json,3a6a9468a2019439580f0ea23f19bd55702f47aac627e89afbec67d328dd2e0f
pythia-410m-seed5/step4000/EleutherAI__pythia-410m/results_2024-08-15T19-11-53.055814.json,1e4d5b4114be573efd051a51f7698ddd770cc4c4e6c5119fc9ecb0781b069d7f
pythia-410m-seed5/step40000/EleutherAI__pythia-410m/results_2024-08-15T20-10-50.393615.json,209e06ad01b3a6a926e977de54fe556b3c140b6be51183b65752c5624202d9ab
pythia-410m-seed5/step41000/EleutherAI__pythia-410m/results_2024-08-15T20-12-28.932067.json,f9d8a7221d57159b4152e7ab4ca9b36393e50c6fb5fed48b821766212c1aedb0
pythia-410m-seed5/step42000/EleutherAI__pythia-410m/results_2024-08-15T20-14-06.936904.json,ae8f310f67b69accfb23488fc020b019f0ed5521436a44a7d5802cb9d28c3c25
pythia-410m-seed5/step43000/EleutherAI__pythia-410m/results_2024-08-15T20-15-44.973958.json,f0983d3bb37f5dcb17fc73588f13715e7f6ce3ec95d988d24c23e89deb263e45
pythia-410m-seed5/step44000/EleutherAI__pythia-410m/results_2024-08-15T20-17-24.783819.json,21cfb7a691ce04952925945edb86e0b66186a2e415ce35630ea9ad5aaafb488b
pythia-410m-seed5/step45000/EleutherAI__pythia-410m/results_2024-08-15T20-19-02.800139.json,3d97c63a51b612685c9fd8beaf5bbd987df31a62007b424028c06fc522f81677
pythia-410m-seed5/step46000/EleutherAI__pythia-410m/results_2024-08-15T20-20-40.660604.json,4bb78b23bb809459cc039e1c78b640e007861cc4cf4f94b747f751cfd9a0bd18
pythia-410m-seed5/step47000/EleutherAI__pythia-410m/results_2024-08-15T20-22-20.146729.json,74ce83c0be2ae3c89e1ad1542c2ff53256579348b1761f37fb8306e6bd9e69ba
pythia-410m-seed5/step48000/EleutherAI__pythia-410m/results_2024-08-15T20-23-57.653139.json,bc11d3f4f842bc3b413a508f5463384b70b542b636ff98321b30128f4bc68fdc
pythia-410m-seed5/step49000/EleutherAI__pythia-410m/results_2024-08-15T20-25-35.302497.json,245de63e758670f944a10f2271b5ccbfcd68b99d2858c11fe555898a4ace4cfc
pythia-410m-seed5/step5000/EleutherAI__pythia-410m/results_2024-08-15T19-13-32.183285.json,c4743c55337bb856ab3c96bccea40bb46c2abca4c8ddf3df02b0035fcccd9f88
pythia-410m-seed5/step50000/EleutherAI__pythia-410m/results_2024-08-15T20-27-13.844287.json,27e29584309ea694b0fbe674b43d425adc6edfd993a433c92332680192746a1f
pythia-410m-seed5/step51000/EleutherAI__pythia-410m/results_2024-08-15T20-28-52.223888.json,9dd620a2bd3cac2bd7fc405a79d69c7891643b33e802b144c97b0fbc839e7977
pythia-410m-seed5/step512/EleutherAI__pythia-410m/results_2024-08-15T19-05-24.374572.json,bce9f65797e026b56fb18e57804b46ebd34cf4efcc70aea513b3628dac4d6be6
pythia-410m-seed5/step52000/EleutherAI__pythia-410m/results_2024-08-15T20-30-29.925423.json,981b869ee2d5a8d9a0f4f0a292ede3c0999db446e743a9487139818d38edf27e
pythia-410m-seed5/step53000/EleutherAI__pythia-410m/results_2024-08-15T20-32-11.813239.json,a9206fcfbcb82135aa344f108e154bfe672e227e185bfa945658ef45e1391774
pythia-410m-seed5/step54000/EleutherAI__pythia-410m/results_2024-08-15T20-33-45.681937.json,72135e297d8e12ad9db3c620d1aad35511083e2c975ce014b4841b5d028432ef
pythia-410m-seed5/step55000/EleutherAI__pythia-410m/results_2024-08-15T20-35-26.601245.json,1dd39763f2ea409c2056e4f6b85d0d16bbc35017581935511deb08da1f609369
pythia-410m-seed5/step56000/EleutherAI__pythia-410m/results_2024-08-15T20-37-01.722418.json,50d8c16daf1ad35c3370ab26b02c8da28087a419f5c124ee51b27a58791b86c1
pythia-410m-seed5/step57000/EleutherAI__pythia-410m/results_2024-08-15T20-38-41.036600.json,ef0fa5310ac143766615e44154e422574877fafe956cbfc6e5938dc081e628bc
pythia-410m-seed5/step58000/EleutherAI__pythia-410m/results_2024-08-15T20-40-19.991138.json,1a6aea1a4bf646d3490ecf4576e45b39eda417f7501c6fb6ffae3271b17def0b
pythia-410m-seed5/step59000/EleutherAI__pythia-410m/results_2024-08-15T20-41-59.424239.json,087197c5861e7bb1a0908aa92a78467311500d8dde065464f4fdaef79fe6af76
pythia-410m-seed5/step6000/EleutherAI__pythia-410m/results_2024-08-15T19-15-09.956089.json,184468a379b285dc983783948c066ad5fcd0e4b9e72fbdb5e834816d673c80b9
pythia-410m-seed5/step60000/EleutherAI__pythia-410m/results_2024-08-15T20-43-37.042861.json,477d675025c345486e820e6c1114ce6e98cabc5cf5a906a0ab179376ef1a1f36
pythia-410m-seed5/step61000/EleutherAI__pythia-410m/results_2024-08-15T20-45-19.514127.json,512b676c7d88f4f3e8c70e705d58c48304467618042e8c93ade9d89bf647d200
pythia-410m-seed5/step62000/EleutherAI__pythia-410m/results_2024-08-15T20-46-54.374300.json,3e5bbcf2331e23fe937f9fc634e57e996f541ca660a199b7f5f1ce05ec212653
pythia-410m-seed5/step63000/EleutherAI__pythia-410m/results_2024-08-15T20-48-33.027418.json,308cbee575704ca32ef79213a8986a7905b7e95224a29ad91b8fcdb10c35b3da
pythia-410m-seed5/step64/EleutherAI__pythia-410m/results_2024-08-15T19-00-27.733306.json,b5183e91bb39fe70e9427b14027b5c5df3da748f23d14ababc74441ec3fc2c31
pythia-410m-seed5/step64000/EleutherAI__pythia-410m/results_2024-08-15T20-50-10.510152.json,f98aaaaf892a87b855d68582d5a0fc4ce666c8bd986777f5f6a5110006db7912
pythia-410m-seed5/step65000/EleutherAI__pythia-410m/results_2024-08-15T20-51-48.424329.json,c2753f1ec2eec2df62f4febdfe91f0e9255ef1d457e2af09379750cb56ea8cea
pythia-410m-seed5/step66000/EleutherAI__pythia-410m/results_2024-08-15T20-53-27.543422.json,8aa5f98f07afd80b212841f69f82258b30949d7cf5325be041ea908e6373e80b
pythia-410m-seed5/step67000/EleutherAI__pythia-410m/results_2024-08-15T20-55-04.740271.json,f35bb78c3c80b4545705e44dafdfa2a3b0d78e215974d341c6fa1b178bce586c
pythia-410m-seed5/step68000/EleutherAI__pythia-410m/results_2024-08-15T20-56-45.134085.json,8e0d9a8a37e86faa703584b02e5af22b51fea3abf347eeb0e65697a951fa11e7
pythia-410m-seed5/step69000/EleutherAI__pythia-410m/results_2024-08-15T20-58-53.747269.json,7e347fceb7235dbf16e896acb9071516caf936dcad1ea0b4f80d2e82a5d3e951
pythia-410m-seed5/step7000/EleutherAI__pythia-410m/results_2024-08-15T19-16-47.415001.json,1cd679b536f66f38560a0ca9c703358d38a53d50f45bc9a4780ae443400aaa3c
pythia-410m-seed5/step70000/EleutherAI__pythia-410m/results_2024-08-15T21-00-31.405908.json,469241cda1555f81340964635426b95ab50da511d9d0390f7963d4d95636ab5b
pythia-410m-seed5/step71000/EleutherAI__pythia-410m/results_2024-08-15T21-02-11.739449.json,d240becdf474ba39f690c85a8f86ee975812d439da45c5fb34fbc9264a483c7c
pythia-410m-seed5/step72000/EleutherAI__pythia-410m/results_2024-08-15T21-04-13.879264.json,b3b9b67c0ee8ba8f6093f67a9deb1f1b10c2782dec916913690767105842abe3
pythia-410m-seed5/step73000/EleutherAI__pythia-410m/results_2024-08-15T21-05-56.896641.json,0efd38d52b30cb16684a77db983f5399a786d281481422d0408cb07c2c96204f
pythia-410m-seed5/step74000/EleutherAI__pythia-410m/results_2024-08-15T21-07-35.295254.json,92bbf632ba9c4a6d0f3a41fe7d1d798398312787e379cff380e789d0a1cf16f3
pythia-410m-seed5/step75000/EleutherAI__pythia-410m/results_2024-08-15T21-09-13.621961.json,391311d8b4457ad2b3c20e292fd411e77de30ff874f60e8bb3be6f68ee179f34
pythia-410m-seed5/step76000/EleutherAI__pythia-410m/results_2024-08-15T21-11-00.565726.json,0266fb42c8af88cfa37be7568cd17b63fd820835532eabbc7d030b53d0f02a89
pythia-410m-seed5/step77000/EleutherAI__pythia-410m/results_2024-08-15T21-13-06.433796.json,5e74ac137895503af60dc90bba951e72e0fc86759c0909c050b8533657f9f2c2
pythia-410m-seed5/step78000/EleutherAI__pythia-410m/results_2024-08-15T21-15-00.223658.json,ea3923dbd0f08210f8575f5649813951772792e9f15c47b4eb7306f965765ba6
pythia-410m-seed5/step79000/EleutherAI__pythia-410m/results_2024-08-15T21-16-36.379733.json,8cdd15de4d323c0ea580e11755247a49d3754cf2ad80807b1dd89dcf29942d8f
pythia-410m-seed5/step8/EleutherAI__pythia-410m/results_2024-08-15T18-55-32.527647.json,64cf8b4e0b59a2f1304f9e0b88fb285f1ded8cd0b266ac240b791e05b85afaac
pythia-410m-seed5/step8000/EleutherAI__pythia-410m/results_2024-08-15T19-18-25.353106.json,4ba72021442e6069387b080784e31cf7b7c036ad2f4e1de3c51f0a53267e234f
pythia-410m-seed5/step80000/EleutherAI__pythia-410m/results_2024-08-15T21-18-15.956953.json,2ca968b13ba6f697b6b42a906ec11f825f1da2ef28048bda57d9371e3ed14498
pythia-410m-seed5/step81000/EleutherAI__pythia-410m/results_2024-08-15T21-19-56.872121.json,d883c31082ffbfc2ed0bf4fb40fb41b9311082c3cdab8ba96e509fd17e77d2ef
pythia-410m-seed5/step82000/EleutherAI__pythia-410m/results_2024-08-15T21-21-55.015344.json,5611e53be99e49b8bb9123b789aaf4d403dba501d8a63ed9a1a50bc71f6f2996
pythia-410m-seed5/step83000/EleutherAI__pythia-410m/results_2024-08-15T21-23-34.878340.json,f6344787a49d8dfec91750b585a411f21003898eaa8f25237d13bcfc6190585a
pythia-410m-seed5/step84000/EleutherAI__pythia-410m/results_2024-08-15T21-25-16.181816.json,2a5bd45742ccfc9f7a33d248b2f7b3046294e50c85ad3b0b8a313c41d94712ef
pythia-410m-seed5/step85000/EleutherAI__pythia-410m/results_2024-08-15T21-27-03.445216.json,d2a9e28ad50394cd74492e9df3e22f14a1d9498b996bc42f63d51fd891cd5546
pythia-410m-seed5/step86000/EleutherAI__pythia-410m/results_2024-08-15T21-28-46.169661.json,f577573f04299d4a3b26a59658b0c97d2fb1a21d948a4aa03637c226d93c1041
pythia-410m-seed5/step87000/EleutherAI__pythia-410m/results_2024-08-15T21-30-22.577143.json,425a6fc1d92cd6421064ab4dc742e9a91d49449abf9b89940597ee76327f5815
pythia-410m-seed5/step88000/EleutherAI__pythia-410m/results_2024-08-15T21-32-07.439433.json,bd5de0f03b9889132bdc70a088943f246873f6d94c083496cbbb6e4e98cbe8ef
pythia-410m-seed5/step89000/EleutherAI__pythia-410m/results_2024-08-15T21-33-42.112084.json,f7306007a7f2ccd7078e2c0f25a981bc6783a752aa8c3b3eeccffbad6a8d35e0
pythia-410m-seed5/step9000/EleutherAI__pythia-410m/results_2024-08-15T19-20-03.516370.json,d983a38b7f9a228d3421207c4638388ce5d171099d6e3ae7a70151384eba598f
pythia-410m-seed5/step90000/EleutherAI__pythia-410m/results_2024-08-15T21-35-32.177795.json,1b466f9ac559806e332eec6020d5e49549b8de2103ec3f2483d3f36489da4926
pythia-410m-seed5/step91000/EleutherAI__pythia-410m/results_2024-08-15T21-37-10.093119.json,75ac1d6c08d9d93aadae05f4fe145a015f25814f2a054462055b257a501c144c
pythia-410m-seed5/step92000/EleutherAI__pythia-410m/results_2024-08-15T21-38-47.983915.json,9039cf478f5d6ea7ed9ed2ee616abf7eb26cdbe729d6a781754a06aedfe1d56e
pythia-410m-seed5/step93000/EleutherAI__pythia-410m/results_2024-08-15T21-40-29.126757.json,58b8717597747cc245e1633b4d23af73d317de535af8d22db9e268fe0bce4bc1
pythia-410m-seed5/step94000/EleutherAI__pythia-410m/results_2024-08-15T21-42-06.154433.json,0973e10d73529b42e469c94544ffbf3abb6f494ec1b88e8ddd36f5f33910a411
pythia-410m-seed5/step95000/EleutherAI__pythia-410m/results_2024-08-15T21-43-47.647171.json,9d2b835fa87cadbeff62b6c2b12c21eff7f226b8260984786c002b53951ea4e8
pythia-410m-seed5/step96000/EleutherAI__pythia-410m/results_2024-08-15T21-45-30.371323.json,fb5190246dae073f84fb8c74196a645f08f948640d61a2f679799383438c1977
pythia-410m-seed5/step97000/EleutherAI__pythia-410m/results_2024-08-15T21-47-07.772716.json,af20d4563877694e6589e07594406530fd44852eff7aa4abd20ab794bc75900a
pythia-410m-seed5/step98000/EleutherAI__pythia-410m/results_2024-08-15T21-48-55.072365.json,fe6b6c67d693145856d93647d9ace03a9b9d365fdf6ebd82c9095e2c507d610d
pythia-410m-seed5/step99000/EleutherAI__pythia-410m/results_2024-08-15T21-51-12.124379.json,0906774e53c2f17d50cdc3ab708ec7302e8d829193017bfce027fe0155de3dc0
pythia-410m-seed6/step0/EleutherAI__pythia-410m/results_2024-08-15T18-48-58.734344.json,2be964be9545e64919d9628977ceb6ae47e1df0ab581ef510ed2f852179e0c75
pythia-410m-seed6/step1/EleutherAI__pythia-410m/results_2024-08-15T18-50-37.330590.json,1be927eb5fea25f4589575a6d4199f856886e2533bbf2cffe5aa029ccd03b2f2
pythia-410m-seed6/step1000/EleutherAI__pythia-410m/results_2024-08-15T19-06-59.716895.json,953c260e2c80442c1ef6d8646b11f1ff68ae63c9818de8194665561f1d20c856
pythia-410m-seed6/step10000/EleutherAI__pythia-410m/results_2024-08-15T19-21-41.490059.json,ece4e31630748a60308fd99b626659748574d996344590187a479971c181ff7c
pythia-410m-seed6/step100000/EleutherAI__pythia-410m/results_2024-08-15T21-52-46.636001.json,bb91a2b5e56e8f03db6ab71b6c897d1b06cac3bdc7d4377e93e04cc2333e3e74
pythia-410m-seed6/step101000/EleutherAI__pythia-410m/results_2024-08-15T21-54-27.091582.json,220d6bde8216f84abe39a726a04c3e4d903922f7e18807fc0316958e5f0c9bcd
pythia-410m-seed6/step102000/EleutherAI__pythia-410m/results_2024-08-15T21-56-06.217295.json,bea386132be3762182eacf7108cf8bb8b5705ca0b3b16597388509dd0e835384
pythia-410m-seed6/step103000/EleutherAI__pythia-410m/results_2024-08-15T21-57-46.349994.json,2ede3d52bc52fabcb2a177d81d4118ecc3ad5801fa023cf5e98f545c37f9649f
pythia-410m-seed6/step104000/EleutherAI__pythia-410m/results_2024-08-15T21-59-40.844968.json,b03f5704525ae9804486efc5b1757b09a92c5aad5aab0a8dc1c03c99708c816c
pythia-410m-seed6/step105000/EleutherAI__pythia-410m/results_2024-08-15T22-01-16.675064.json,0d21f337a6ef91507798c200c979f7b8b5cbd76394be16bc6b24e6ec0cc4b1b0
pythia-410m-seed6/step106000/EleutherAI__pythia-410m/results_2024-08-15T22-02-52.500375.json,a6ce9ed85d88287c421e5e988222c2e1a67eac98d7356a4a6e1a206f5c8feb9b
pythia-410m-seed6/step107000/EleutherAI__pythia-410m/results_2024-08-15T22-04-55.934960.json,a8a7037a6321ac415b0b2dade4b0268fb353c061e6434435c1c5a673f989e6aa
pythia-410m-seed6/step108000/EleutherAI__pythia-410m/results_2024-08-15T22-06-57.607611.json,ca1c920f2b1f1860c9a43fc9ccaeffa1ea88e8f8a6ab1089a5445154e784d2a7
pythia-410m-seed6/step109000/EleutherAI__pythia-410m/results_2024-08-15T22-08-39.519492.json,aae733be17eb9d2e022d757315876bfec8190e239743aca628226f6752c9963f
pythia-410m-seed6/step11000/EleutherAI__pythia-410m/results_2024-08-15T19-23-18.296236.json,51b6d2fa1f5a872943276ec09ab9f51fbb3350cfd6d415e663513b85bb21a13c
pythia-410m-seed6/step110000/EleutherAI__pythia-410m/results_2024-08-15T22-10-14.810445.json,7e7b5e0366d91cae61d931cd3c40aa2f3112e86efb82a41e5053e5667ec2adcb
pythia-410m-seed6/step111000/EleutherAI__pythia-410m/results_2024-08-15T22-11-48.612348.json,2463e931d526c85827b39848feb59fa083b9ffd1819ad9482b4ad405b8c23aac
pythia-410m-seed6/step112000/EleutherAI__pythia-410m/results_2024-08-15T22-13-26.474769.json,e96ed77af0f6c2fde821120dd60c91befc2650c66136a39f4f1ba8277a703e3d
pythia-410m-seed6/step113000/EleutherAI__pythia-410m/results_2024-08-15T22-15-05.614194.json,dd0dc13fccbd6b8463895a92a292e7743446fd6742adf6a41cff519f067ce8f8
pythia-410m-seed6/step114000/EleutherAI__pythia-410m/results_2024-08-15T22-16-43.833838.json,8876716de7d57c6a919b82f018b9c98368be831ae733be2a52bf145e5f74fb43
pythia-410m-seed6/step115000/EleutherAI__pythia-410m/results_2024-08-15T22-18-26.736478.json,1a06090f23d71763656890fe071b1a685db8b1fd17c5fdfd7530fc21235b659c
pythia-410m-seed6/step116000/EleutherAI__pythia-410m/results_2024-08-15T22-20-12.130901.json,29c1ed09475c481a03564dbdb444fce328ec25d5919c9caee4bf5622caa3c4af
pythia-410m-seed6/step117000/EleutherAI__pythia-410m/results_2024-08-15T22-21-50.426048.json,9798b2182666fec091c445ebf90345681b0951a0579d88f2d1bfaa4e087019bc
pythia-410m-seed6/step118000/EleutherAI__pythia-410m/results_2024-08-15T22-23-28.126194.json,45371b4eda7c1c271aae82b0eacd5ca3edc8561e5120f59573c90621d0524d16
pythia-410m-seed6/step119000/EleutherAI__pythia-410m/results_2024-08-15T22-25-39.289063.json,7aabba29c51450e761b00ec103d1b33dcf5370970e74a6e131f7dc66fa58f9b0
pythia-410m-seed6/step12000/EleutherAI__pythia-410m/results_2024-08-15T19-24-56.275786.json,bdf28e45a45991f0c00fddc22126be4248c34894319cfde3c5aaf916dab9c93a
pythia-410m-seed6/step120000/EleutherAI__pythia-410m/results_2024-08-15T22-27-16.674334.json,9f26ea371c80e336360b5b24d760dd260e914c8cc172de6b612d0a4a2db5326d
pythia-410m-seed6/step121000/EleutherAI__pythia-410m/results_2024-08-15T22-28-53.584674.json,197a6d85e0fae9a33082705497280d25bc046a21cf5f101dd3884124eb9aa90f
pythia-410m-seed6/step122000/EleutherAI__pythia-410m/results_2024-08-15T22-30-34.645912.json,e1c2f1047a0650f89c904674e1286958547c85b4c5c9f2bd58cd6d43f0cd39e4
pythia-410m-seed6/step123000/EleutherAI__pythia-410m/results_2024-08-15T22-32-19.829751.json,6fb528d066afca4042f640cce2959574e3332eba4d88c0a780d182e4341156dc
pythia-410m-seed6/step124000/EleutherAI__pythia-410m/results_2024-08-15T22-34-01.074122.json,a570949164906cf0198b3b94a4eac00e2779b18933e09ad2e657da22ac1fe061
pythia-410m-seed6/step125000/EleutherAI__pythia-410m/results_2024-08-15T22-35-40.392832.json,a9541671530e5769d8b8a84d47cae76a0cdaa1f8c3f35111447f1b6355f1dc68
pythia-410m-seed6/step126000/EleutherAI__pythia-410m/results_2024-08-15T22-37-27.770927.json,d1596455d946df3dd14dbba245e28b38e2fa01e063b2c57a48d131a7bda2302a
pythia-410m-seed6/step127000/EleutherAI__pythia-410m/results_2024-08-15T22-39-41.353215.json,c85d83ff249cd3f4e2f6b19f9d2e095421cb23c9f221b1c7bdb5e8f1c8367758
pythia-410m-seed6/step128/EleutherAI__pythia-410m/results_2024-08-15T19-02-05.187685.json,4f07062421d2d19ffa01daa69fe0f1b3a33f152f37824090f5ccc97a2e4a9bd0
pythia-410m-seed6/step128000/EleutherAI__pythia-410m/results_2024-08-15T22-41-23.039357.json,0bea3a395fc988b70bd84363e57bbd3b5c5076383b783f8bcc700ac7a6e8af63
pythia-410m-seed6/step129000/EleutherAI__pythia-410m/results_2024-08-15T22-42-58.267873.json,0acd77132754d3165488089aa6d3895537742d1c30a33fec44869dd000387bb2
pythia-410m-seed6/step13000/EleutherAI__pythia-410m/results_2024-08-15T19-26-34.832481.json,a1f91bdbd3006dd8e285f006b3170982bedf206fa1d8428c694b9d2978a98a38
pythia-410m-seed6/step130000/EleutherAI__pythia-410m/results_2024-08-15T22-44-38.520943.json,35a3a1981e7179ed78e94c4464abb7cc0b12f9a0b6a541b3c8a6d7da014207bf
pythia-410m-seed6/step131000/EleutherAI__pythia-410m/results_2024-08-15T22-46-17.706987.json,ae4fd65c0a4518ba2b3646e9efeec7f7cc0dd40e7be501a1e03722d5b1fdd0c1
pythia-410m-seed6/step132000/EleutherAI__pythia-410m/results_2024-08-15T22-47-56.295341.json,ff3cf77e4acbeb3a86eeb0994d9f47ed6f247cbc3ff53f91aaa25596fd0b5d46
pythia-410m-seed6/step133000/EleutherAI__pythia-410m/results_2024-08-15T22-49-39.024604.json,762c9646d93272799a25c1de2a60d9d40df3246d67605250efe39f50e354eeb6
pythia-410m-seed6/step134000/EleutherAI__pythia-410m/results_2024-08-15T22-51-16.000317.json,92bcf74b047fd6a06ef13c96c6b51fcfc6a97e56e5f119bf07ab37106b91830d
pythia-410m-seed6/step135000/EleutherAI__pythia-410m/results_2024-08-15T22-52-52.321441.json,291b1d9bc95b1f5b01caddeb1952478c9e4a1e6046f9fb8a9f6308f7dbf903f4
pythia-410m-seed6/step136000/EleutherAI__pythia-410m/results_2024-08-15T22-54-36.555427.json,54c23b211187173e77b06ec4440b38f6b896e06635b6fd6d23c98b9cf09e96b3
pythia-410m-seed6/step137000/EleutherAI__pythia-410m/results_2024-08-15T22-56-15.650584.json,368ba616b63ea683f82c74b8d3eed850811a8240ec9aa77c7e2a4e2e754dcd12
pythia-410m-seed6/step138000/EleutherAI__pythia-410m/results_2024-08-15T22-57-52.889914.json,26cd27610dc259a0eff08c616cfd21423cfffe7babd67667b23e4ea491015bad
pythia-410m-seed6/step139000/EleutherAI__pythia-410m/results_2024-08-15T22-59-33.172117.json,8070e34b8b7ddbbde4fd516b160bb19f9b3d43a3ae28b2b3a0c0070f9f4bd721
pythia-410m-seed6/step14000/EleutherAI__pythia-410m/results_2024-08-15T19-28-12.301005.json,53eeb49e66d0e34925c14881ba4cfede64528a199de35ac0ed79e6e21c773f4f
pythia-410m-seed6/step140000/EleutherAI__pythia-410m/results_2024-08-15T23-01-12.517204.json,3533aec85b28fb0828d4c6f77b3a176f516330b23bde4e5231d286eedddb17e4
pythia-410m-seed6/step141000/EleutherAI__pythia-410m/results_2024-08-15T23-02-50.511214.json,1519a1710c826cb257f11ae09e3950d37d181989cc7a0d2dde82baf735941b7a
pythia-410m-seed6/step142000/EleutherAI__pythia-410m/results_2024-08-15T23-04-32.475364.json,59ce76e7a821123c766880ce199d44c21e5a312aa2fe09aace52e59c35001b3a
pythia-410m-seed6/step143000/EleutherAI__pythia-410m/results_2024-08-15T23-06-11.011582.json,fc29eb60a16868baafa24199228d2ddabb095fa08d7e9b16ab4e46222b362bbb
pythia-410m-seed6/step15000/EleutherAI__pythia-410m/results_2024-08-15T19-29-50.769433.json,0f80b383795983ca8ceda73493650819cb8d001962e6dde284691754918deea3
pythia-410m-seed6/step16/EleutherAI__pythia-410m/results_2024-08-15T18-57-10.712431.json,0d09534e0a3806c69152da7bff00e686a0b4536ea1b2244d4ebb98ac3f811f64
pythia-410m-seed6/step16000/EleutherAI__pythia-410m/results_2024-08-15T19-31-28.017405.json,3bb3c8cacc7a48d2111bfc21b8cdabd38bf4fd0161eb421142b209c2a0ee66c3
pythia-410m-seed6/step17000/EleutherAI__pythia-410m/results_2024-08-15T19-33-04.720073.json,3a230642e2a92f041069487579ca940af96201dff89eabdf56f82edbada8d6d9
pythia-410m-seed6/step18000/EleutherAI__pythia-410m/results_2024-08-15T19-34-41.881672.json,b45bd9a801e906e2d46d546e1e00148a80413fd7a31ea287fc4f78fbedede3a5
pythia-410m-seed6/step19000/EleutherAI__pythia-410m/results_2024-08-15T19-36-20.049696.json,97053caafc1ef2b51a5c8bc1c2d83a3608ed2ad65d2dfb014fc2c218b969fa5d
pythia-410m-seed6/step2/EleutherAI__pythia-410m/results_2024-08-15T18-52-16.122359.json,cd6025e88f5616d989ea666dc8e037d2d4bebc56d1a9091f84eaf6f366e35c57
pythia-410m-seed6/step2000/EleutherAI__pythia-410m/results_2024-08-15T19-08-37.278249.json,a0e40d4286b26bb26f286cc56a650048b1ed979d7ba381d5e7cda96ce7f09f0a
pythia-410m-seed6/step20000/EleutherAI__pythia-410m/results_2024-08-15T19-37-57.783996.json,de5054779214067d0750125f39a0f280459b12d2d7a760b3c141e5e35c87a56e
pythia-410m-seed6/step21000/EleutherAI__pythia-410m/results_2024-08-15T19-39-35.700797.json,dba5431fef7c575170a29db4535e65c274fec11eb64dd7f7bff29ade488155e7
pythia-410m-seed6/step22000/EleutherAI__pythia-410m/results_2024-08-15T19-41-14.439554.json,a3c79fedccaece1cc8f65eef90042c5fc146a686398e1efffe180af7a7b87016
pythia-410m-seed6/step23000/EleutherAI__pythia-410m/results_2024-08-15T19-42-51.808184.json,5fcfa7b929ede7aefa99cdd2eb3cd4fde9383297c7231420729be89514ae31aa
pythia-410m-seed6/step24000/EleutherAI__pythia-410m/results_2024-08-15T19-44-30.130490.json,83f7389eee6ae6a0121cc5aa008207ff47cd26ea849b94cb8222298e1ef6d11d
pythia-410m-seed6/step25000/EleutherAI__pythia-410m/results_2024-08-15T19-46-09.157757.json,02ba9ffeae0ce3c1f40ef366410627978dc60b38b8c220b7b85fb22d8e94a1e0
pythia-410m-seed6/step256/EleutherAI__pythia-410m/results_2024-08-15T19-03-42.520110.json,8c77a084d7a9493c0b05ec36c03fdbc580164024a2fb6f9276369b93203d0ee9
pythia-410m-seed6/step26000/EleutherAI__pythia-410m/results_2024-08-15T19-47-48.379541.json,01aa944d37c6d38508c2d17e0cafe4c315debf769a29cf7d198390d69628918d
pythia-410m-seed6/step27000/EleutherAI__pythia-410m/results_2024-08-15T19-49-26.747795.json,2d1fdc218c9a2721e6d28a39542936bc5df779b1f700a5ebe20eb06a1554b564
pythia-410m-seed6/step28000/EleutherAI__pythia-410m/results_2024-08-15T19-51-06.934907.json,00315c3cd31e0c9611bd6018ed5e0e81f6885d4cdf48833a554adca033aec368
pythia-410m-seed6/step29000/EleutherAI__pythia-410m/results_2024-08-15T19-52-44.709347.json,b6a8f8208c991db8a7128ff48c3a365c5de1f99e08521d2e09c0f3d639983f0c
pythia-410m-seed6/step3000/EleutherAI__pythia-410m/results_2024-08-15T19-10-14.672148.json,8cbc25a35ab2e9e4c023eaf2fd66eec25cb0e57ffc1a745a824441f371e358b0
pythia-410m-seed6/step30000/EleutherAI__pythia-410m/results_2024-08-15T19-54-22.975360.json,f791dfb39a30b3d4a6b563a87e152ef896e536c8a111c8df3655fea80af385ec
pythia-410m-seed6/step31000/EleutherAI__pythia-410m/results_2024-08-15T19-56-01.286798.json,2fa151dc835b30c1e2ac2cecf3593b3d434c6f5e2b796d6b1026e3a1ba58ab90
pythia-410m-seed6/step32/EleutherAI__pythia-410m/results_2024-08-15T18-58-48.237030.json,b427ed0a22ca4c2eeb217efe6f73e7ba87542dee66e4e2509fc7b646ef47edca
pythia-410m-seed6/step32000/EleutherAI__pythia-410m/results_2024-08-15T19-57-38.591750.json,008b714b8b391bb353bffafc929d8a60ed664d1152113d4d47b82ba18c10bdbd
pythia-410m-seed6/step33000/EleutherAI__pythia-410m/results_2024-08-15T19-59-17.921837.json,30ef5520addf0dd9662a7457952d2539a2290a1983593e253c58fd8558c93531
pythia-410m-seed6/step34000/EleutherAI__pythia-410m/results_2024-08-15T20-00-57.339149.json,9b26df218616e464906e154a0f8dec2053b09913ece14aa6ee1b5c1737060eaa
pythia-410m-seed6/step35000/EleutherAI__pythia-410m/results_2024-08-15T20-02-38.188820.json,fe9039f6e4af4765d20109a2eed5270cf64b4c3af1fd08834722e28791831df2
pythia-410m-seed6/step36000/EleutherAI__pythia-410m/results_2024-08-15T20-04-15.486006.json,aefdb68a026befd70cd5efbb85160db42e42ff02979b2a3d96d6a80102b299d5
pythia-410m-seed6/step37000/EleutherAI__pythia-410m/results_2024-08-15T20-05-52.888622.json,0ba9c969a091e9cee55f217d2e2388479499378a522785c29ff9ae474e8da510
pythia-410m-seed6/step38000/EleutherAI__pythia-410m/results_2024-08-15T20-07-30.873844.json,534b904694ea8a17ff7b54d102f1fcce134dd47ec945f8375bca2a4aa5befa4f
pythia-410m-seed6/step39000/EleutherAI__pythia-410m/results_2024-08-15T20-09-10.595484.json,3d080351e728fbe8df17fe381852d99d43f0925a8792a667a4f13b1dd24ce359
pythia-410m-seed6/step4/EleutherAI__pythia-410m/results_2024-08-15T18-53-53.617767.json,0c44eee7106436b8273a257696057265ce2d80282ff994c2d6e11fe28e08c5eb
pythia-410m-seed6/step4000/EleutherAI__pythia-410m/results_2024-08-15T19-11-58.235356.json,a948682a54bca7d056d254d475bc9b247b36d499b95cf1b3ed50b3d534069af4
pythia-410m-seed6/step40000/EleutherAI__pythia-410m/results_2024-08-15T20-10-50.428815.json,2d4418a10cfa5eef2a589ae74ee6316925898c48a7572af5c80f8253410ba9d4
pythia-410m-seed6/step41000/EleutherAI__pythia-410m/results_2024-08-15T20-12-28.970593.json,0aadcbb5c5737646c5f58f50cc7e3e8d12fcdbd99dd2c8b1e4f2820e931ff146
pythia-410m-seed6/step42000/EleutherAI__pythia-410m/results_2024-08-15T20-14-06.990656.json,a123e5a0f7acb5c852b1716ae58daa37ed18dda36730094bfa0d97cfa6e73571
pythia-410m-seed6/step43000/EleutherAI__pythia-410m/results_2024-08-15T20-15-45.017648.json,f05e32da82a6e5857ed7baf8e8dd92b4d7cbd77ae4d78f1482c5555c70dd0dfe
pythia-410m-seed6/step44000/EleutherAI__pythia-410m/results_2024-08-15T20-17-22.806564.json,17be022dae5a19cdc5777fe492aa2fb04627f5d79962783d453e714088bb3ee3
pythia-410m-seed6/step45000/EleutherAI__pythia-410m/results_2024-08-15T20-19-06.113974.json,240dcb56e434ec01d8b17111d04f93b54429f06535920e773fdf963f68521c05
pythia-410m-seed6/step46000/EleutherAI__pythia-410m/results_2024-08-15T20-20-40.933533.json,4e1ff3fa79ea100094fbc69d133079eba0ce3c8e19dcb7a7edac5826c576fae3
pythia-410m-seed6/step47000/EleutherAI__pythia-410m/results_2024-08-15T20-22-18.760770.json,92bc3ddce30b3297237b0867fa352ac52721fe59b676480bdb7dba01fc58fda6
pythia-410m-seed6/step48000/EleutherAI__pythia-410m/results_2024-08-15T20-23-58.048435.json,7d1ab471a3ec24568f895e1c255e223f4047617cee30d3a0e9a00ef13a56ec4f
pythia-410m-seed6/step49000/EleutherAI__pythia-410m/results_2024-08-15T20-25-40.926754.json,f2180fd5fc569e156ae96b075b0536672e30cb2738d3ec40e9ec9599b5c79a4d
pythia-410m-seed6/step5000/EleutherAI__pythia-410m/results_2024-08-15T19-13-33.843068.json,846d34f25386a716aa810decf97b8fe4591b1b721516630a4cd4983abca65744
pythia-410m-seed6/step50000/EleutherAI__pythia-410m/results_2024-08-15T20-27-16.588731.json,d817938d1885504f4e1d7608b8e3ae0c2774e7add0bf903e6aeafb5bf27994e3
pythia-410m-seed6/step51000/EleutherAI__pythia-410m/results_2024-08-15T20-28-52.270429.json,6efac86dbeb5289e697dd74848ef44ca55a19f0f2c8fee9ae7ea9348959132f7
pythia-410m-seed6/step512/EleutherAI__pythia-410m/results_2024-08-15T19-05-20.933712.json,1ff6307393df26117c0f57cb7671726b9df0290f0d47325bf62131081ea77b0a
pythia-410m-seed6/step52000/EleutherAI__pythia-410m/results_2024-08-15T20-30-30.046586.json,3a5364cc0cc5743df765e5e8a99f182cc6c6087aa1decbb25bc251df4bf2ae28
pythia-410m-seed6/step53000/EleutherAI__pythia-410m/results_2024-08-15T20-32-07.834204.json,ba112dbe4af471715fda9c3c9af92e7c35455c0e7d72bd1f360f2ec0ddc77954
pythia-410m-seed6/step54000/EleutherAI__pythia-410m/results_2024-08-15T20-33-45.752912.json,018da7b87796a43b8cdcb8017194378bceafac15e0162c1744b2b5031dac3d91
pythia-410m-seed6/step55000/EleutherAI__pythia-410m/results_2024-08-15T20-35-23.620985.json,f8adc2fb8a76088131c38cd9321266626533161549032bb2e39188cf20a17c15
pythia-410m-seed6/step56000/EleutherAI__pythia-410m/results_2024-08-15T20-37-01.756434.json,e2a2bf5701fc326d0a876b79e9180c414bb2ae28562e3f50e176b3813b2849ae
pythia-410m-seed6/step57000/EleutherAI__pythia-410m/results_2024-08-15T20-38-41.122679.json,4b311df557051a50c6cc4040ed45e6899eea09b3032c90cd416af4ec50d883f5
pythia-410m-seed6/step58000/EleutherAI__pythia-410m/results_2024-08-15T20-40-20.322141.json,ec1fd4b2ee669f0b739bf568cdbc16039717e4d207774f53aa4f4612bdf23e91
pythia-410m-seed6/step59000/EleutherAI__pythia-410m/results_2024-08-15T20-41-59.467554.json,52894402655d59336d4bd1930bed049881c5ae17a90c4f37cc3f402dc3c272a7
pythia-410m-seed6/step6000/EleutherAI__pythia-410m/results_2024-08-15T19-15-14.841354.json,a540ee18372e964571bda6ab40156045c9e3c3ebd70ffa5e0d132842aa703fd6
pythia-410m-seed6/step60000/EleutherAI__pythia-410m/results_2024-08-15T20-43-37.842058.json,7b4b87d8ec1bf0426f8285dfc6b62f0c903336387eea49a6213b522802ca2041
pythia-410m-seed6/step61000/EleutherAI__pythia-410m/results_2024-08-15T20-45-16.065981.json,938e3fd31bb3bd0dd02bd31473aeb0facd5e4dd5357de80d173b6500dadbd054
pythia-410m-seed6/step62000/EleutherAI__pythia-410m/results_2024-08-15T20-46-54.429318.json,0d07827df1171df0f12592cc4914c28783796296381555e72af77537f8b14687
pythia-410m-seed6/step63000/EleutherAI__pythia-410m/results_2024-08-15T20-48-37.086288.json,2651421e6c0356745d24f7290c66d29abf0ceac7ee0ed2e2cba60eb16e90ea80
pythia-410m-seed6/step64/EleutherAI__pythia-410m/results_2024-08-15T19-00-30.791063.json,d5880fb3b72e6650c363449c8faf000ba9ad32b5a8abb1db451fa9a868b09081
pythia-410m-seed6/step64000/EleutherAI__pythia-410m/results_2024-08-15T20-50-12.950071.json,c00082e218fcfd0362208a244b91efd27d9deb3df52e750e11c49659e5ffba1b
pythia-410m-seed6/step65000/EleutherAI__pythia-410m/results_2024-08-15T20-51-48.465752.json,756f3b794ede1671c1ca84cbd92dad3fe3c84b0e04a463f68cf50f36686f553a
pythia-410m-seed6/step66000/EleutherAI__pythia-410m/results_2024-08-15T20-53-30.500165.json,f752e6433366af1cae062a80970d1d58c61bb5f9707c1310f6ebb3aab9adab29
pythia-410m-seed6/step67000/EleutherAI__pythia-410m/results_2024-08-15T20-55-08.372812.json,b6e4090a3b49fb21c97b993227224f0833faa532cc020cdff5169bcad85974e1
pythia-410m-seed6/step68000/EleutherAI__pythia-410m/results_2024-08-15T20-56-45.184607.json,0989588eec55e26dce1a74e7d3eba8e9e6e4f78d277a54530a093159011862af
pythia-410m-seed6/step69000/EleutherAI__pythia-410m/results_2024-08-15T20-58-54.591992.json,465e11a0c024a9403f5fd4bc09cb4aef72a4e9acceb85a0184bbb7b91e7010b6
pythia-410m-seed6/step7000/EleutherAI__pythia-410m/results_2024-08-15T19-16-49.690223.json,d7f1577a5f518592ec2690b7fa5832525144489b579ca1a8ed306ba15c8a80e2
pythia-410m-seed6/step70000/EleutherAI__pythia-410m/results_2024-08-15T21-00-31.685281.json,b04b8ccb05b43d4a196feda70be028c7bc8274e67e757fc701153cbc4035d445
pythia-410m-seed6/step71000/EleutherAI__pythia-410m/results_2024-08-15T21-02-11.307380.json,33764529656e1d4dd306a0220c2b4c4208fb6542f314c7bb30ad58fadce37210
pythia-410m-seed6/step72000/EleutherAI__pythia-410m/results_2024-08-15T21-04-13.930112.json,d318f7a6f8beab9ec2021247b2e14c9d837948b08798d5af967b10da981eb71b
pythia-410m-seed6/step73000/EleutherAI__pythia-410m/results_2024-08-15T21-05-56.933153.json,b607fd20373e899ef1e658e491a7387be892e309f12b5e93517a3cb96523b099
pythia-410m-seed6/step74000/EleutherAI__pythia-410m/results_2024-08-15T21-07-39.729309.json,7ce24be57f69483e81d9fd169580d227c860910c49864077978b1b626db23ff9
pythia-410m-seed6/step75000/EleutherAI__pythia-410m/results_2024-08-15T21-09-15.827346.json,df59d21fb0375c20fce8a16526682bae761202233847b769937e3f8315793e2c
pythia-410m-seed6/step76000/EleutherAI__pythia-410m/results_2024-08-15T21-11-00.606182.json,d2e2eb15d7a2dad4cf6e07be9fd42a720d182159140d8da8eab25714e029661b
pythia-410m-seed6/step77000/EleutherAI__pythia-410m/results_2024-08-15T21-13-01.619069.json,75a68825f86c86418fe4a1911e2f58d4c9e639f9815c56ffa04b319a864c9c41
pythia-410m-seed6/step78000/EleutherAI__pythia-410m/results_2024-08-15T21-14-45.825643.json,4974dde048f7e79b1e600387e190d9f0c2e0e73ccdb86830e66a5ac51f8be05c
pythia-410m-seed6/step79000/EleutherAI__pythia-410m/results_2024-08-15T21-16-36.424603.json,5df3ea2e97c2e118f70e5a4fd44d27b5281b9b1828b5157a567af807cb338f9d
pythia-410m-seed6/step8/EleutherAI__pythia-410m/results_2024-08-15T18-55-32.578182.json,f67b021857d3a1b71fe6ed21e12a0680d55602f57fd536fe8f25ed6c9c45f890
pythia-410m-seed6/step8000/EleutherAI__pythia-410m/results_2024-08-15T19-18-25.843398.json,8c2cbb794beb5d3c6debdb84e651e8007ff2a988b585cc301a1272af845aa18e
pythia-410m-seed6/step80000/EleutherAI__pythia-410m/results_2024-08-15T21-18-16.117244.json,156a7274dcd2b8c031395e0eb9ce984625b683b5eefb78650113f165a98c0c4d
pythia-410m-seed6/step81000/EleutherAI__pythia-410m/results_2024-08-15T21-20-01.700059.json,7dd1c2806f915c7b885f797d9e977954588150550e1db67c2de6e0814ab79c23
pythia-410m-seed6/step82000/EleutherAI__pythia-410m/results_2024-08-15T21-21-58.308295.json,ef380cd60451019866563f86ce0a31389f1835b5d4072e3bf561a774aea81dd2
pythia-410m-seed6/step83000/EleutherAI__pythia-410m/results_2024-08-15T21-23-40.029554.json,0740f654a828502bdbc19340d21ec73670d532344a362519f56aa8e7ced0c3fa
pythia-410m-seed6/step84000/EleutherAI__pythia-410m/results_2024-08-15T21-25-16.220173.json,3a0ba3fca70d0221fae5f98d7aacdee2fcf6f79cb0bd6efdbb1fe0bf171f475e
pythia-410m-seed6/step85000/EleutherAI__pythia-410m/results_2024-08-15T21-27-03.520401.json,36bd62f44dc93914090a54298e4bec746b7c73c9d41c6a76c5914f52df70cbb0
pythia-410m-seed6/step86000/EleutherAI__pythia-410m/results_2024-08-15T21-28-43.673677.json,005118484551c7273a6378a7d259bdaa4ba62809a9b5e8a75ca7fef42514ca95
pythia-410m-seed6/step87000/EleutherAI__pythia-410m/results_2024-08-15T21-30-22.747273.json,536c43cee0dc02a8bfd504bfa0694c4b57e51d9590abee5fc4f91a427b4f956f
pythia-410m-seed6/step88000/EleutherAI__pythia-410m/results_2024-08-15T21-32-04.067630.json,b374a7da54ff6109502fe24047a58e46fccf5c8aa980b80b737cdffb2cadaa35
pythia-410m-seed6/step89000/EleutherAI__pythia-410m/results_2024-08-15T21-33-44.727894.json,ec9a0d7301e7de239d1328d2e7419995ed8e8682c9a4877b0c62cd3b9e8d827f
pythia-410m-seed6/step9000/EleutherAI__pythia-410m/results_2024-08-15T19-20-03.586444.json,7a44f53b2bd6a53d5f89df4d3d3fe3a14eeac8c3cfffabac909adb92163c2b17
pythia-410m-seed6/step90000/EleutherAI__pythia-410m/results_2024-08-15T21-35-33.255687.json,95046164fa5b0b92661d68917ee55122a640ead2a0ad8ab00fe36fccad35f107
pythia-410m-seed6/step91000/EleutherAI__pythia-410m/results_2024-08-15T21-37-11.211686.json,624c2c71840a17422ef1497ef3eae75b8e404b594f7d443ee9ebb111e8033d66
pythia-410m-seed6/step92000/EleutherAI__pythia-410m/results_2024-08-15T21-38-48.435022.json,05b40cd556a3864f994e51c7e58cff8541aedf29000942be696bcbebb36665e4
pythia-410m-seed6/step93000/EleutherAI__pythia-410m/results_2024-08-15T21-40-29.179521.json,99d074b435c7cdba26a91d404f5993100f26c67f6fa96c008126e3fcfca39b64
pythia-410m-seed6/step94000/EleutherAI__pythia-410m/results_2024-08-15T21-42-06.207001.json,defe486de18ab8881e83bb53168450029a889cda9c82f8d04a12d83bee9933dc
pythia-410m-seed6/step95000/EleutherAI__pythia-410m/results_2024-08-15T21-43-43.875713.json,69c215c38261ef707559eebbd98b590d7dec116b1e72a4bee0bbf1d02a5fbff4
pythia-410m-seed6/step96000/EleutherAI__pythia-410m/results_2024-08-15T21-45-29.513294.json,7aa1bbcdfeec47a033317682de1310e734d46ae78f567481afcc7d7917966577
pythia-410m-seed6/step97000/EleutherAI__pythia-410m/results_2024-08-15T21-47-07.824725.json,13850cb2f239968fb04e347892829bc9a9bcf87dc52e439b500d423f9ecac9b9
pythia-410m-seed6/step98000/EleutherAI__pythia-410m/results_2024-08-15T21-48-55.109440.json,d68a69c013fc23f2fe4f0041a2eb4a5651a57da2e4e8331241fa979f7bf39d0c
pythia-410m-seed6/step99000/EleutherAI__pythia-410m/results_2024-08-15T21-51-06.270518.json,c9fe08d896ad0e2caee03040916fca39280810ea571bc8cfb08c3f19a34cb9df
pythia-410m-seed7/step0/EleutherAI__pythia-410m/results_2024-08-15T20-14-02.594810.json,29d2abb862feba4a26d1ac59c278ed7a47a7af551b4eb3dc114f3c11dbe64cad
pythia-410m-seed7/step1/EleutherAI__pythia-410m/results_2024-08-15T20-15-58.860588.json,9593327635133ffab3abaa6afc15b1217f0ada459b2d98536f9899678a480403
pythia-410m-seed7/step1000/EleutherAI__pythia-410m/results_2024-08-15T20-35-25.512368.json,54a58fc8710733a1fee424ec1d46fcde0ce8e6fe508023a3a20bd32ab37b9d24
pythia-410m-seed7/step10000/EleutherAI__pythia-410m/results_2024-08-15T20-53-24.777595.json,51f091b31fe26bbfee1d81fd6a6c48f76c5841576c406bfe94999e8234fef8e3
pythia-410m-seed7/step100000/EleutherAI__pythia-410m/results_2024-08-15T23-49-06.729233.json,b2a7d5299e4d54ebe394af0bb0ffce0af6cdb991074540155a87801618e8ae33
pythia-410m-seed7/step101000/EleutherAI__pythia-410m/results_2024-08-15T23-51-02.495540.json,0424edf6e772ac49c1ca32a8b10c014c842ee381aeafbfb41df9ec040b6ce1ed
pythia-410m-seed7/step102000/EleutherAI__pythia-410m/results_2024-08-15T23-52-51.068031.json,58922bbf91bc9b094a9465cca569d29af9b36102d3fc9a85bb03126312ed2091
pythia-410m-seed7/step103000/EleutherAI__pythia-410m/results_2024-08-15T23-54-49.454542.json,ab73d85da760383f71242f519f414abf6209d6225a587b39aedac68dcb155cea
pythia-410m-seed7/step104000/EleutherAI__pythia-410m/results_2024-08-15T23-56-41.753766.json,cb7c252d65a0559258c61362ece63f13d78d94a1c3ff56405c1753038da7048a
pythia-410m-seed7/step105000/EleutherAI__pythia-410m/results_2024-08-15T23-58-32.529670.json,3b03205a68cd4ff013ca07e6b9d4e3d0dbda50ed324ad0bbd0b42d64751481c5
pythia-410m-seed7/step11000/EleutherAI__pythia-410m/results_2024-08-15T20-55-14.762006.json,59421c4b8b1328aaa82cb490aa21877afbf0cf5d69c92ff4951c67205572110c
pythia-410m-seed7/step12000/EleutherAI__pythia-410m/results_2024-08-15T20-57-15.365549.json,105804f65f499608849a4000bd2439d05982fc1125c32673719986939c66b618
pythia-410m-seed7/step128/EleutherAI__pythia-410m/results_2024-08-15T20-29-39.522874.json,f764445f7d6bc29cbf8e3018726eaedec387ebf391573a7e4c619f62e57be756
pythia-410m-seed7/step13000/EleutherAI__pythia-410m/results_2024-08-15T20-59-17.077473.json,bd3635dcac29a79c7afda2e71d45196b38892f7ca482865d708baeba09d7c677
pythia-410m-seed7/step14000/EleutherAI__pythia-410m/results_2024-08-15T21-01-38.313484.json,9e0f447edc5e95834b8e21f56894251111772a8d4d0da77c92b6c7d1b7762065
pythia-410m-seed7/step15000/EleutherAI__pythia-410m/results_2024-08-15T21-03-47.419828.json,b69f8ec9dc5cd53d5cab93306c06cb25fd60ab2ab8e88674200adbd3f20cff03
pythia-410m-seed7/step16/EleutherAI__pythia-410m/results_2024-08-15T20-24-04.693008.json,529563a0de977defa5d81ca706b1211ed6b11aa8b2ff18dc0766468d5f6102b1
pythia-410m-seed7/step16000/EleutherAI__pythia-410m/results_2024-08-15T21-05-39.878620.json,570ebd95f61f9294f8c12a5fcaa6eec7ec38eb6b0fa0bee44dedab23908c81cd
pythia-410m-seed7/step17000/EleutherAI__pythia-410m/results_2024-08-15T21-07-33.385517.json,92a1710a8357fa9d1e72db8e4d9886022b75d4ccdd536c1a60970f62f107af16
pythia-410m-seed7/step18000/EleutherAI__pythia-410m/results_2024-08-15T21-09-25.751492.json,f3ba5ad94812982ef5d85d6cff452f76b122449eb45bc86665979b7a7227f42f
pythia-410m-seed7/step19000/EleutherAI__pythia-410m/results_2024-08-15T21-11-34.537951.json,6ba7d875ce47a2683cbb868ab1082f95d326e3af1da9f9a5fcde5fb42a7d1c27
pythia-410m-seed7/step2/EleutherAI__pythia-410m/results_2024-08-15T20-18-00.912970.json,bfca56cde94c639146650e045f9b853bf052959d57f36a8d6a6353bf9b1dc592
pythia-410m-seed7/step2000/EleutherAI__pythia-410m/results_2024-08-15T20-37-27.912655.json,361352a4f0ba0f88fd4454779d6f37461a5f243bc27e16cf43b3c2402a4e5254
pythia-410m-seed7/step20000/EleutherAI__pythia-410m/results_2024-08-15T21-13-26.762206.json,8876efdf4bc12db75bebc3b9dff68c1befdbb0cfde5ea844a0d4ed95b938299b
pythia-410m-seed7/step21000/EleutherAI__pythia-410m/results_2024-08-15T21-15-19.051348.json,8dd52a7c7fdfa42b3c6814d48275791dab07648a74dcb60fd41df7f8d64ae205
pythia-410m-seed7/step22000/EleutherAI__pythia-410m/results_2024-08-15T21-17-12.359081.json,047bc62b635f4da11150e31d3cee5e05663a2c9d089e5e11591acf06cfb43ced
pythia-410m-seed7/step23000/EleutherAI__pythia-410m/results_2024-08-15T21-19-05.433723.json,e92623b63565ffa919ac274b1cb5fea6a38d51c3aac11bb28b8fc5539bc6270c
pythia-410m-seed7/step24000/EleutherAI__pythia-410m/results_2024-08-15T21-21-02.401403.json,6e018f5dbc63192874405b63e399f1d96212d182965bed1a9e754cdbce7af452
pythia-410m-seed7/step25000/EleutherAI__pythia-410m/results_2024-08-15T21-22-55.297593.json,e724639a05a0ff3642e8c8c5f5252feb8755598413fc265548b4976874d63a5d
pythia-410m-seed7/step256/EleutherAI__pythia-410m/results_2024-08-15T20-31-31.768729.json,d6fd6bf988489d59c8a91be343e98d8c7e19bfaa12fdad6b919c1f776c6ead16
pythia-410m-seed7/step26000/EleutherAI__pythia-410m/results_2024-08-15T21-24-48.528725.json,0da74bac2fe760e8fe18933d065321ad32b22b6b01f26a398f99808d40401955
pythia-410m-seed7/step27000/EleutherAI__pythia-410m/results_2024-08-15T21-26-44.393832.json,3c28c536826469d69d32779408c4f65d0c310569d2b6bd0c2c77da9e94e88429
pythia-410m-seed7/step28000/EleutherAI__pythia-410m/results_2024-08-15T21-28-38.643403.json,b4e0d5652871aac673dcc39d62ab1fc86e200468ca929757f5fa7a18e6d31b08
pythia-410m-seed7/step29000/EleutherAI__pythia-410m/results_2024-08-15T21-30-30.827025.json,323ac572cdaf362915b6f0f00a4023bcbb0185934cddd7622c3ec02c1f93ad2b
pythia-410m-seed7/step3000/EleutherAI__pythia-410m/results_2024-08-15T20-39-36.177541.json,620a45d0ab74f42ed93164e7414ea3da10cb41c269165c010e54db6ecd8e1418
pythia-410m-seed7/step30000/EleutherAI__pythia-410m/results_2024-08-15T21-32-22.903055.json,106d72cbbc437880e68c5ba393e234f01fef65f710b46b538653aef0470eca67
pythia-410m-seed7/step31000/EleutherAI__pythia-410m/results_2024-08-15T21-34-31.056645.json,53fd47af908a9d785fa3bc36db5352cc252be4ac20dafaa66ff9516f1332f0e3
pythia-410m-seed7/step32/EleutherAI__pythia-410m/results_2024-08-15T20-25-54.526470.json,5d7fd652e4e5090b63a2408a937829b92358efa35d0d8312f0f76c0259a00f74
pythia-410m-seed7/step32000/EleutherAI__pythia-410m/results_2024-08-15T21-36-40.667830.json,a0d38f9f09fe17e9ff1e43ba32a3c9bb52e01dc9b6f236a0e574582965074348
pythia-410m-seed7/step33000/EleutherAI__pythia-410m/results_2024-08-15T21-38-30.239952.json,1eff09ff58ab9e18f59e15cfe517e8ba5f819f7857616e20de0133c709e2c67b
pythia-410m-seed7/step34000/EleutherAI__pythia-410m/results_2024-08-15T21-40-20.755224.json,cd9844b8b8b81cbe2eab878c3c56e93033a5d9219fdaf5c67033759faad8ea59
pythia-410m-seed7/step35000/EleutherAI__pythia-410m/results_2024-08-15T21-42-13.302523.json,08a0746cfe88bb4d7f4aa9508c070b2c9cf0cad5c06dacc4ba65a99ae18679e0
pythia-410m-seed7/step36000/EleutherAI__pythia-410m/results_2024-08-15T21-44-04.953690.json,f8983184984eb22d94658f5c448c1ec27fbb681971f1ce741f660d0432e4f97e
pythia-410m-seed7/step37000/EleutherAI__pythia-410m/results_2024-08-15T21-46-00.981003.json,94f5c18edde71d4fafb018f4ec0515a1d1a27e15095b286a33f70c536b35e69d
pythia-410m-seed7/step38000/EleutherAI__pythia-410m/results_2024-08-15T21-47-54.834336.json,152467b9727d1d226c967204590a386c182cb10e90a23989debae2d0170c8ce0
pythia-410m-seed7/step39000/EleutherAI__pythia-410m/results_2024-08-15T21-49-45.894874.json,9a40880229f4f149e2fcaf2421c12580cab73c3065d2cb687f75282923afc542
pythia-410m-seed7/step4/EleutherAI__pythia-410m/results_2024-08-15T20-19-56.593232.json,7c0dc00df7afcd2f329ca087cdff7de9f5d34b0b61214e74e46761d612806fc0
pythia-410m-seed7/step4000/EleutherAI__pythia-410m/results_2024-08-15T20-41-31.096001.json,3204c22584f395e86c3dcddc413524dc6c520171076be451982b9a70fb10d627
pythia-410m-seed7/step40000/EleutherAI__pythia-410m/results_2024-08-15T21-51-48.682405.json,fbe5c84796145a161930998e88cb0c0e3ba82654c4acce633aaff85c02b0b002
pythia-410m-seed7/step41000/EleutherAI__pythia-410m/results_2024-08-15T21-53-44.350033.json,36dd9fe3b43070f0adead38b494730fa9d63791fb4e54394069b5c0fa8a906f5
pythia-410m-seed7/step42000/EleutherAI__pythia-410m/results_2024-08-15T21-56-02.460647.json,ecf84939763042c35e042f7695abcbe5ad221b93700d18282b052c632972819f
pythia-410m-seed7/step43000/EleutherAI__pythia-410m/results_2024-08-15T21-57-59.512824.json,2aa668b0008ac41dc48dace2d9c497d852e27f05cc80899a8989efe22ad23291
pythia-410m-seed7/step44000/EleutherAI__pythia-410m/results_2024-08-15T22-00-05.807729.json,02b8a1d69c8f11a3cebfdeda88147bda90a3e2ac619ad0d55f61f602caa0da3d
pythia-410m-seed7/step45000/EleutherAI__pythia-410m/results_2024-08-15T22-01-58.679808.json,74bf1f9dc9ae3217ac88ac205110c59cbe490eb62ae825317481f3863ff6b366
pythia-410m-seed7/step46000/EleutherAI__pythia-410m/results_2024-08-15T22-03-58.211585.json,94814a94b6f2c62fb857727b8444384652c9481d9285f279c3689831b38900b9
pythia-410m-seed7/step47000/EleutherAI__pythia-410m/results_2024-08-15T22-05-50.171492.json,e9ae33d739fbcf99509f980a9b8c2ae88bd68dc93ab87f816ea14f332a5b147b
pythia-410m-seed7/step48000/EleutherAI__pythia-410m/results_2024-08-15T22-07-44.695828.json,a3a257439799196339bfe64437cc13eccc39557edf02a3a37ce6550cdeb8b8e2
pythia-410m-seed7/step49000/EleutherAI__pythia-410m/results_2024-08-15T22-09-51.277830.json,a13ee81772709a2f6ab35af39f0854ab81316711a429eb0dc613bce659162b1a
pythia-410m-seed7/step5000/EleutherAI__pythia-410m/results_2024-08-15T20-43-26.624099.json,1d81cb73eff995c75d717bd42f302fd4f8831bf365ecf9f8ed1a99d205b8cc91
pythia-410m-seed7/step50000/EleutherAI__pythia-410m/results_2024-08-15T22-12-00.991487.json,14b0d3e9c2aaf23a555f2dffd290e52cdf4a59ef863eb47b5ecad1157350fd0b
pythia-410m-seed7/step51000/EleutherAI__pythia-410m/results_2024-08-15T22-13-58.915002.json,ac029665ccd54fd5f48cd942febec5b1d735bf0ce5e0ebcb306bd4db1f44efd2
pythia-410m-seed7/step512/EleutherAI__pythia-410m/results_2024-08-15T20-33-30.695934.json,bbe30064c904223cc14c3c50fe5520c188500275a9ff9cd1dda26bfc107fc57d
pythia-410m-seed7/step52000/EleutherAI__pythia-410m/results_2024-08-15T22-16-17.916922.json,298310edfab6d062e8cd1bb085b33559bf7d1309e8e914c9f9a7bbef31d30dc1
pythia-410m-seed7/step53000/EleutherAI__pythia-410m/results_2024-08-15T22-18-44.246159.json,097dfa3bad7383b8789ac5b612802f948d1d00f326836beed2aa7ae3067689f6
pythia-410m-seed7/step54000/EleutherAI__pythia-410m/results_2024-08-15T22-20-43.585187.json,5a4eb4a57933da2a839e6f8970ff191e76866451237c93ac4a57bc55a6774cca
pythia-410m-seed7/step55000/EleutherAI__pythia-410m/results_2024-08-15T22-22-34.440795.json,73799726445be7d624139189b19e618c2567275af5f2c1ea3efb53977c7431dd
pythia-410m-seed7/step56000/EleutherAI__pythia-410m/results_2024-08-15T22-24-29.192080.json,22456771c9aca2645ae672b6991d8b423b63596db319e98dce64be25bad6af86
pythia-410m-seed7/step57000/EleutherAI__pythia-410m/results_2024-08-15T22-26-25.227919.json,bc0c94415a5daaad4c3863c585b7b378b1114d0db41714eb4092af0570934060
pythia-410m-seed7/step58000/EleutherAI__pythia-410m/results_2024-08-15T22-28-43.682774.json,0e8fb6f2aa73c7c3942e81cf5e8dc4c8f8129e0096620f69f1542bb0d711d282
pythia-410m-seed7/step59000/EleutherAI__pythia-410m/results_2024-08-15T22-30-41.599825.json,7e26dbcc2cf9dc71e7f0f9cc38fab8ecd7b13d156aecba15da8460e487472998
pythia-410m-seed7/step6000/EleutherAI__pythia-410m/results_2024-08-15T20-45-22.440440.json,41381793d6f2427c1ed820488993ccc967bb9fcf09f471ca677a12e42eb02fd5
pythia-410m-seed7/step60000/EleutherAI__pythia-410m/results_2024-08-15T22-32-41.754422.json,3b907afe44d31c5d7e54faf873a06dfc3e086893026a2bf10cd82d0160d31bc0
pythia-410m-seed7/step61000/EleutherAI__pythia-410m/results_2024-08-15T22-34-44.640777.json,42d4fb8e0716532f6b995f28805a0c7e54fe90d866dd7b33612413782ea9f6bc
pythia-410m-seed7/step62000/EleutherAI__pythia-410m/results_2024-08-15T22-36-39.068928.json,1721fc03781c196b7494481f2623745cbd9f30c102a51a64dc5622bfc23e7d03
pythia-410m-seed7/step63000/EleutherAI__pythia-410m/results_2024-08-15T22-38-41.714373.json,efe514215315cbb2d5de21cd5e865e8d826632b2574823ecd0587cf72eca8b1f
pythia-410m-seed7/step64/EleutherAI__pythia-410m/results_2024-08-15T20-27-43.530949.json,1d55a07c58db3f1952b63d8ed14ea0e5c21d9b5dd1c15c58f57264823a7d6376
pythia-410m-seed7/step64000/EleutherAI__pythia-410m/results_2024-08-15T22-40-41.969669.json,30dc4d9f3e7436013a6299eb908febc58cf9fa3c34a53c7613e305c58455d1ad
pythia-410m-seed7/step65000/EleutherAI__pythia-410m/results_2024-08-15T22-42-50.127079.json,629f426acde26feb6bc37196572d370db1af6cf3931c850b74790d9acdd45289
pythia-410m-seed7/step66000/EleutherAI__pythia-410m/results_2024-08-15T22-44-49.620138.json,482c2756dfc580c9830d4e7b8a8c68e2c8ac57037277b5345da4f83c462e5092
pythia-410m-seed7/step67000/EleutherAI__pythia-410m/results_2024-08-15T22-46-40.500919.json,25f540c0191450afc29bff65708152408ce5ca9422a00161a917937b2ba0b59a
pythia-410m-seed7/step68000/EleutherAI__pythia-410m/results_2024-08-15T22-48-32.344482.json,f10e0aaedff6e07302334d310418827ce645a9cc904d112a1905760e98a21065
pythia-410m-seed7/step69000/EleutherAI__pythia-410m/results_2024-08-15T22-50-24.366820.json,19c35b7f6ae871d3ea9b8cac86d89da9e517b67ba6da5ef27ac612de6b500a78
pythia-410m-seed7/step7000/EleutherAI__pythia-410m/results_2024-08-15T20-47-36.976834.json,50aa7fda3202b86c7b7a0d9ff7106fb2f85185daf247190b75937350dd5e9abd
pythia-410m-seed7/step70000/EleutherAI__pythia-410m/results_2024-08-15T22-52-16.960881.json,122a72aa5f9faed22e895a0ab3d44d1b185ae4aac9cc8dcaca096a609853e910
pythia-410m-seed7/step71000/EleutherAI__pythia-410m/results_2024-08-15T22-54-11.343480.json,fa23bbb0214e5b3786691fd297c3984d1b49eb401fbdcc454b4c8ad0668fa62d
pythia-410m-seed7/step72000/EleutherAI__pythia-410m/results_2024-08-15T22-56-06.842409.json,83270790dcb404818d0dfc33ac8b8ffe7249cd31181b797a24cfd40f639adf97
pythia-410m-seed7/step73000/EleutherAI__pythia-410m/results_2024-08-15T22-58-00.302382.json,48a72dda7c2e221450ec98bc7de929a65e8d92de25bda4c4cf15b9eac67d8417
pythia-410m-seed7/step74000/EleutherAI__pythia-410m/results_2024-08-15T22-59-54.974202.json,47ee0c5f14ad18b7c97d712800d4a82365ab9fc928f25c3cf033007e4ee44beb
pythia-410m-seed7/step75000/EleutherAI__pythia-410m/results_2024-08-15T23-01-46.959503.json,940025403a11d06ac6542b8a62f2323b689010f81713e787fc2b6fb6bcab6868
pythia-410m-seed7/step76000/EleutherAI__pythia-410m/results_2024-08-15T23-03-42.260537.json,c6861e41109ca12d78cd25192248d2a8926f78a4836d2a4ffee1cdeeef1f9afd
pythia-410m-seed7/step77000/EleutherAI__pythia-410m/results_2024-08-15T23-05-34.660325.json,b988e5b16890f6b5a2670d670e1c2078683cb0f1e04afa486e8bacd5c28ba715
pythia-410m-seed7/step78000/EleutherAI__pythia-410m/results_2024-08-15T23-07-33.215768.json,6838aaad438fb721b818775acd82b06161543f248ea35142b0ed5d0496f08b57
pythia-410m-seed7/step79000/EleutherAI__pythia-410m/results_2024-08-15T23-09-24.586765.json,d772b83f2499d03adbcf9f7157862846d8a1076f6f4c12d3e03402fd61d5eb7f
pythia-410m-seed7/step8/EleutherAI__pythia-410m/results_2024-08-15T20-22-05.678999.json,c0161c3ca6c23c07474f09fbad2dee2c66d3767a290f36d8a8b4c2cfce6063e4
pythia-410m-seed7/step8000/EleutherAI__pythia-410m/results_2024-08-15T20-49-33.049595.json,93d64b7f24cc166176bef8596287fb7617a0a08e00aed67a74bebdff46d113ab
pythia-410m-seed7/step80000/EleutherAI__pythia-410m/results_2024-08-15T23-11-16.987352.json,4ab78ba4d99199c6830cbae82fd8fe8c75e3be6cbab8feb773c593770b6b6d3b
pythia-410m-seed7/step81000/EleutherAI__pythia-410m/results_2024-08-15T23-13-13.460924.json,15edee981dc34d6acd466f51c455dfe2a39d0a8b22ae23b1a41a8f59a53157ea
pythia-410m-seed7/step82000/EleutherAI__pythia-410m/results_2024-08-15T23-15-08.719669.json,978223419d22f8a8424f1f4fd414022c5665971eb2b12e7b4fc56c3d5ad2ddfe
pythia-410m-seed7/step83000/EleutherAI__pythia-410m/results_2024-08-15T23-17-05.703995.json,dd054331a8b08a0d84f5f8de6a1220a12d1e27ea8f0a040f4f9856be8cc5ff68
pythia-410m-seed7/step84000/EleutherAI__pythia-410m/results_2024-08-15T23-19-01.152524.json,40976a33277ca325f951c0d79edf9ad37e4195458e32d0a7947e86020d43fbf7
pythia-410m-seed7/step85000/EleutherAI__pythia-410m/results_2024-08-15T23-20-56.871746.json,475afd7c7447047db692622a1f9141510fab956d06308583d7b098666de45370
pythia-410m-seed7/step86000/EleutherAI__pythia-410m/results_2024-08-15T23-22-53.053967.json,e8f4a2f6bd67dccf2ead64024f70dd513eb7a00267e663a8cbc23d635f179eff
pythia-410m-seed7/step87000/EleutherAI__pythia-410m/results_2024-08-15T23-24-51.691083.json,71bd2611ecf1d21a09a06a1297603e312e3517eb890ed835d986e3a4da42751e
pythia-410m-seed7/step88000/EleutherAI__pythia-410m/results_2024-08-15T23-26-41.528872.json,f0f109db44e49f6ce433b52abd5ac3db653c53c12cfa204ee812280c032c1ee9
pythia-410m-seed7/step89000/EleutherAI__pythia-410m/results_2024-08-15T23-28-37.044353.json,4150af9e4d10ca80048ed933a3ca3d8eb78238b91a2797b8089e99a2192fd8e7
pythia-410m-seed7/step9000/EleutherAI__pythia-410m/results_2024-08-15T20-51-24.536605.json,ff892f1d67c83a65225480a3c1a4977750cd7842b2752ad2d5dd95f0b5ae1c60
pythia-410m-seed7/step90000/EleutherAI__pythia-410m/results_2024-08-15T23-30-29.182598.json,2c90909d8151c2f5296fe5612dfc73b56f69eb8492e9c956839745b94b81711a
pythia-410m-seed7/step91000/EleutherAI__pythia-410m/results_2024-08-15T23-32-23.234861.json,9b81751358fd41ee4cfc55ee7f33bbe1cbc2bc4ec243ad3096654e0a963a2d53
pythia-410m-seed7/step92000/EleutherAI__pythia-410m/results_2024-08-15T23-34-11.505521.json,e6c74b02498654742f0b7556b1d96d7dc45ff563f121f7a4451a84411000d690
pythia-410m-seed7/step93000/EleutherAI__pythia-410m/results_2024-08-15T23-36-03.321765.json,93db8f0ffb2b3b0b60a06bde40f7b5ddd3c551529413cec789e31debf2db3ce5
pythia-410m-seed7/step94000/EleutherAI__pythia-410m/results_2024-08-15T23-37-54.738305.json,6b906b0fdb0f214f38130b75a3077f7208414eee0be641af4d73cca99f22db3e
pythia-410m-seed7/step95000/EleutherAI__pythia-410m/results_2024-08-15T23-39-45.060151.json,6f25753c3ce831cde13ee833a4e399f004fe6056f35f2708bb54d7e2e23a418b
pythia-410m-seed7/step96000/EleutherAI__pythia-410m/results_2024-08-15T23-41-36.407346.json,bb59b025b9678e50dd850e0d3d170d18972ac79cca25864e9c32eea75d9c2f21
pythia-410m-seed7/step97000/EleutherAI__pythia-410m/results_2024-08-15T23-43-26.357870.json,26aca57f590c7390736f66819e490d0a8909ad363c9d550f2a999c16c23366bd
pythia-410m-seed7/step98000/EleutherAI__pythia-410m/results_2024-08-15T23-45-18.708867.json,3a323e842a8e22c3bcca4061279a7f7aa8591669636b8a3af48d57f4356c1657
pythia-410m-seed7/step99000/EleutherAI__pythia-410m/results_2024-08-15T23-47-11.452030.json,7596548e2a8963779cf0eae1b5c7e340154fb9401be8db4f4c397d905209b1c0
pythia-410m-seed8/step0/EleutherAI__pythia-410m/results_2024-08-15T20-14-03.748048.json,bbb7278deb22bacb7430c6a826a577ef5c4f972d35d2bdac08fe861486a86a3c
pythia-410m-seed8/step1/EleutherAI__pythia-410m/results_2024-08-15T20-15-59.793259.json,a56352b3c848949ae282ec1cc9f6d0e15c1b52a0ecdbc313804b8e4b868b4275
pythia-410m-seed8/step1000/EleutherAI__pythia-410m/results_2024-08-15T20-35-23.473703.json,f396c7a80e52b105ae5443d7bea621fbc0089cfcc3e2560ce9a5d7fe3b162b9c
pythia-410m-seed8/step10000/EleutherAI__pythia-410m/results_2024-08-15T20-53-37.005998.json,92592a7c45b332429c68fa76d25a4e2a8065e978fc516427ed5d50ace9a94bea
pythia-410m-seed8/step100000/EleutherAI__pythia-410m/results_2024-08-15T23-49-07.350060.json,1e2fcc030f6be0344a73d61ce2e353cb1b6ec30e053855d8de657875101f875c
pythia-410m-seed8/step101000/EleutherAI__pythia-410m/results_2024-08-15T23-50-58.778432.json,4fca00c018a7f845729cbe9a483b60465cfffc999081b0443eb1e389563b3c6c
pythia-410m-seed8/step102000/EleutherAI__pythia-410m/results_2024-08-15T23-52-51.654455.json,6e9fa0b26433b08b548da90625925c7dd250b802825441db747da79453453980
pythia-410m-seed8/step103000/EleutherAI__pythia-410m/results_2024-08-15T23-54-49.518890.json,0119eb0c8b8b6397f7ae13485e3e240247d20d2d656325cb0ae218c1d671aeb8
pythia-410m-seed8/step104000/EleutherAI__pythia-410m/results_2024-08-15T23-56-42.897844.json,fe641e7167355aaff1d293b9aae015c0af0610eae6a6873a86c3437a5125bb36
pythia-410m-seed8/step105000/EleutherAI__pythia-410m/results_2024-08-15T23-58-36.622483.json,e212843f75bda3d90554183a05a71b3db286401f2880d46f6b92274a162ec52c
pythia-410m-seed8/step11000/EleutherAI__pythia-410m/results_2024-08-15T20-55-30.770486.json,61a44f81144c62d5fbed72bbc7cb67e62100f2a5a791274729a897472449ae52
pythia-410m-seed8/step12000/EleutherAI__pythia-410m/results_2024-08-15T20-57-33.209509.json,f9b8428a90a477e72d734438283efee246f3a77be1732a938ed5786a5fd0f77c
pythia-410m-seed8/step128/EleutherAI__pythia-410m/results_2024-08-15T20-29-37.384566.json,af907cf30f3ba50c1ca657d33daf8cb2e10ce949ee45c96e8d28d07e7f75e344
pythia-410m-seed8/step13000/EleutherAI__pythia-410m/results_2024-08-15T20-59-29.636433.json,da1355c6dabb2d18327f34cffc59ea2225336c1303105a3b7d7c973c8cc7f0b5
pythia-410m-seed8/step14000/EleutherAI__pythia-410m/results_2024-08-15T21-01-48.517517.json,b23d83b760c4e602ee5b13d0828a9ef6fd0b9b3ebb83317055fedfeae938480c
pythia-410m-seed8/step15000/EleutherAI__pythia-410m/results_2024-08-15T21-04-04.675727.json,645cfaf2414b238b1477c2fd16071656696459995c72e76aa00fd37b24e26c62
pythia-410m-seed8/step16/EleutherAI__pythia-410m/results_2024-08-15T20-24-00.198589.json,5440d5d0ce23f44b3f69827536f3413d6ecee48f18afacb28474b203434ce280
pythia-410m-seed8/step16000/EleutherAI__pythia-410m/results_2024-08-15T21-05-59.743850.json,bc6c02fdc0c196627b72bffeba72b49de380fa16116944b59185b64d218e2694
pythia-410m-seed8/step17000/EleutherAI__pythia-410m/results_2024-08-15T21-07-49.476197.json,7ec83a633f6ab9aaf85dd1b49b72b0f236b42f3da76923be3ae6f5dac269f17e
pythia-410m-seed8/step18000/EleutherAI__pythia-410m/results_2024-08-15T21-09-41.216387.json,595eb9be6c513068963b2d49a584fd4b7a26d1bbc15e87d593168bf85f08dd34
pythia-410m-seed8/step19000/EleutherAI__pythia-410m/results_2024-08-15T21-11-53.343906.json,55aa284e667f8010407e9c8f4e1011bf2e834c8ccba097cca4be07f9340c5d0d
pythia-410m-seed8/step2/EleutherAI__pythia-410m/results_2024-08-15T20-18-00.882313.json,4bda1320b05eceeaeea900fa44880d57850f3bfe8289c443177a69902b559945
pythia-410m-seed8/step2000/EleutherAI__pythia-410m/results_2024-08-15T20-37-31.775555.json,55e3657960df66b11b990d2b01493ca5be34a6b66c6bae6f4ba3c8bb1d0e3ad9
pythia-410m-seed8/step20000/EleutherAI__pythia-410m/results_2024-08-15T21-13-58.567261.json,4cd6d07d15e673b7c224e64959b58a4fdac8d6645921946e3fadc917d33f90e9
pythia-410m-seed8/step21000/EleutherAI__pythia-410m/results_2024-08-15T21-15-52.361247.json,d3943e7c67a019b1e2aa6666bafdbeac27ca92365e76a6dabda0f1553ebd96da
pythia-410m-seed8/step22000/EleutherAI__pythia-410m/results_2024-08-15T21-17-44.503051.json,4f39cea4abb800ab57822c121b392a883820801ce04271d4d403b678252d2bf5
pythia-410m-seed8/step23000/EleutherAI__pythia-410m/results_2024-08-15T21-19-45.015129.json,c2d02f8a98544660ad52825906f52a947b4fceb1fbcf90eb696d91a548c11171
pythia-410m-seed8/step24000/EleutherAI__pythia-410m/results_2024-08-15T21-21-32.860178.json,483decc964332eab4f76de9b9173cccff71ed70775117cb9a0a8a7f6f9d49f6d
pythia-410m-seed8/step25000/EleutherAI__pythia-410m/results_2024-08-15T21-23-18.267306.json,49bb8b11e9f7746a276c9a1f6c90f0756622ca8f302c5d53dd19d07c67302796
pythia-410m-seed8/step256/EleutherAI__pythia-410m/results_2024-08-15T20-31-32.187961.json,102b49ae52665611b4d2ed9a84c72758708765bccfc20759d16f3fd7b5632be8
pythia-410m-seed8/step26000/EleutherAI__pythia-410m/results_2024-08-15T21-25-12.647849.json,9546b260de579b0b5778688d789c7d40bebc6721231b496d280583b8877aa522
pythia-410m-seed8/step27000/EleutherAI__pythia-410m/results_2024-08-15T21-27-17.196739.json,8f5526a5e179e947094b3908a4e6320e3ba8dc66f6214efc39d597b101bf2539
pythia-410m-seed8/step28000/EleutherAI__pythia-410m/results_2024-08-15T21-29-22.794986.json,bccbe2dd5882fe3aa90c07192442fdf29e6fff8fef90fabc662502ab745eebab
pythia-410m-seed8/step29000/EleutherAI__pythia-410m/results_2024-08-15T21-31-13.448747.json,f0e5d69672a8ddf71db63f74d4bca419085a63692ddb3a3c530360727d5a7691
pythia-410m-seed8/step3000/EleutherAI__pythia-410m/results_2024-08-15T20-39-45.877637.json,0cca09584261611cada79f15450f50f89df91f9e0ee9e2089ded3a2cedff6394
pythia-410m-seed8/step30000/EleutherAI__pythia-410m/results_2024-08-15T21-33-00.951496.json,9b01efd4b42eec949b007b83fe334b4f7087a6f5820453c486fa3cce9581f4e6
pythia-410m-seed8/step31000/EleutherAI__pythia-410m/results_2024-08-15T21-34-51.128426.json,f1844d224901971e540192fd750ef3456fccf94c8bd7a906dcd15c6667bacf87
pythia-410m-seed8/step32/EleutherAI__pythia-410m/results_2024-08-15T20-25-51.720221.json,c848e088fed179b87e3a7b6cf520d1fb2b5b75c8ebe9c4e3aeac0b32a1777bd8
pythia-410m-seed8/step32000/EleutherAI__pythia-410m/results_2024-08-15T21-37-12.127177.json,778c9e7dcd0f8ac04067c8c516b0ccb3da7b502d490f3bf3ec544da2a9927e3c
pythia-410m-seed8/step33000/EleutherAI__pythia-410m/results_2024-08-15T21-39-01.678045.json,7e7c82437e33707a76e65533ede986f37250aef4d08c96da42d29155c09d5853
pythia-410m-seed8/step34000/EleutherAI__pythia-410m/results_2024-08-15T21-40-52.983274.json,75032917b863b3b98b3fdb2cee4a8f1697ed9bbe8cfadb09eec0c40975a68c75
pythia-410m-seed8/step35000/EleutherAI__pythia-410m/results_2024-08-15T21-42-44.695595.json,4ca61e8d71e3ca6bd90f9e028e9974218b8207dfe8be12317abe1ff85e5e59e2
pythia-410m-seed8/step36000/EleutherAI__pythia-410m/results_2024-08-15T21-44-29.679826.json,e2f22cb77b9f05d09ef3570fac735f9a17d94256b1195d9b0747e6c8297e9cc8
pythia-410m-seed8/step37000/EleutherAI__pythia-410m/results_2024-08-15T21-46-33.776937.json,b0436e4941b1838a34517567e226746e1a7f7e2680d22f445aad8a57c43befd4
pythia-410m-seed8/step38000/EleutherAI__pythia-410m/results_2024-08-15T21-48-26.717164.json,37baa15fccd458a00ec4f5d76491327e53ea3c67ce44f2fcc5b8e79a339c76f3
pythia-410m-seed8/step39000/EleutherAI__pythia-410m/results_2024-08-15T21-50-11.664699.json,4919ba3cc3e237dc39f72879fd89d0befdc4d1fe76aa30b8dacab050a4679787
pythia-410m-seed8/step4/EleutherAI__pythia-410m/results_2024-08-15T20-19-56.677286.json,861a38535a4942daf390486a6f2d9256e4a354a100453dbc8d4481994d656505
pythia-410m-seed8/step4000/EleutherAI__pythia-410m/results_2024-08-15T20-41-39.280605.json,543000677b5564f72f98dd0e8cca3881ce446a61b907cd860ccb7e6d64ac68df
pythia-410m-seed8/step40000/EleutherAI__pythia-410m/results_2024-08-15T21-52-11.353509.json,3c57ce93b4fa3c5c91dbfc6b95155a4072669573d9299f9b060afc01f8a3b5b7
pythia-410m-seed8/step41000/EleutherAI__pythia-410m/results_2024-08-15T21-54-05.315977.json,67e46186606995c40938f891a36e849a65e72da366a2757f15bdd368041a89c6
pythia-410m-seed8/step42000/EleutherAI__pythia-410m/results_2024-08-15T21-56-03.478992.json,63d2f16c6419d1e8b08e84e8a00c7fc465216e9779d161abde7884ba0a2c2b35
pythia-410m-seed8/step43000/EleutherAI__pythia-410m/results_2024-08-15T21-57-57.371842.json,a7d6b0d7e870baef17ee0929c4fcee03d20564e5648a168abd01ae3f74074372
pythia-410m-seed8/step44000/EleutherAI__pythia-410m/results_2024-08-15T22-00-03.423406.json,eae3af202341e204765810fe31270deb262a1386a12eac463acbd0090feb77b4
pythia-410m-seed8/step45000/EleutherAI__pythia-410m/results_2024-08-15T22-01-54.922063.json,ec4091f7b574b4bf2200d114f90aad7900a454d7c7d2c89f40508fd50317979d
pythia-410m-seed8/step46000/EleutherAI__pythia-410m/results_2024-08-15T22-03-55.124679.json,bf6233faa3acbe8f1a42c17163dc2ae3830451feacbf07aca28d3918807bc715
pythia-410m-seed8/step47000/EleutherAI__pythia-410m/results_2024-08-15T22-05-50.224655.json,4386e42c963e7be0e7675978dbb4fb9f4fe9ca50ff0ed9b83cd9fe03c5147d4e
pythia-410m-seed8/step48000/EleutherAI__pythia-410m/results_2024-08-15T22-07-48.436833.json,35e7bd0a1cc4ece4b6c2e234a8a36b09139199b2f121b1397ecdb0ff3ff14066
pythia-410m-seed8/step49000/EleutherAI__pythia-410m/results_2024-08-15T22-09-56.598676.json,8b40a4f7c83f1a0d82a1a4e1c9f7eb0de2bbce780d142ab00a9cba011d941c9d
pythia-410m-seed8/step5000/EleutherAI__pythia-410m/results_2024-08-15T20-43-32.622075.json,1188107040329b383ba7d140543d1cc87f5f49430937eabb856e8d49bed41dcf
pythia-410m-seed8/step50000/EleutherAI__pythia-410m/results_2024-08-15T22-12-00.991125.json,ba248529f444ff12fe35ef77ec97bd60b1465043b138a4948fade240191fa7ff
pythia-410m-seed8/step51000/EleutherAI__pythia-410m/results_2024-08-15T22-14-19.391824.json,fe76c558819a0ca1670131421fe58ef47c68cfaf795a0783d056667957502845
pythia-410m-seed8/step512/EleutherAI__pythia-410m/results_2024-08-15T20-33-32.070568.json,44a6f905fdc64ab437048d2d42dd2381380ff3bd7ad800f5b2afd5a798c171f3
pythia-410m-seed8/step52000/EleutherAI__pythia-410m/results_2024-08-15T22-16-27.476426.json,1f836bdc0716a2c23e693061df39b992ad80a45dcd0610956119755df353ef2f
pythia-410m-seed8/step53000/EleutherAI__pythia-410m/results_2024-08-15T22-18-47.900382.json,23e0042f74895c299c10dd37e3f4ecf9daf36064db2c49f49f0946d649947a3f
pythia-410m-seed8/step54000/EleutherAI__pythia-410m/results_2024-08-15T22-20-48.363715.json,fdc35119fff12d4d1fb1bedf8e1e69eb50788f1198d03ac59adb313a21b4c337
pythia-410m-seed8/step55000/EleutherAI__pythia-410m/results_2024-08-15T22-22-41.127650.json,1a6c58ff614da0ce53f57add546624291ee5bcaf598f8b17e3a3a376f5e3a98a
pythia-410m-seed8/step56000/EleutherAI__pythia-410m/results_2024-08-15T22-24-32.852373.json,e1130b191a85f49d6bf55a2acd557ec074ab0daa8dbcb115d9f41b97728ecf51
pythia-410m-seed8/step57000/EleutherAI__pythia-410m/results_2024-08-15T22-26-26.397937.json,2235270e7065bea1a021d9fb4a8c6bf815a9e34ddd8b92ea3e2624f5d3ad39ae
pythia-410m-seed8/step58000/EleutherAI__pythia-410m/results_2024-08-15T22-28-50.548924.json,32ee201e6e8fbfbe4d3ac662bd48faa738034c991f21fff230dd849ec02ea3be
pythia-410m-seed8/step59000/EleutherAI__pythia-410m/results_2024-08-15T22-30-41.045075.json,8b6f2bfcdd5ec98566668300db4cce0821a60c5f4ba12f8ec99f8571c60234cb
pythia-410m-seed8/step6000/EleutherAI__pythia-410m/results_2024-08-15T20-45-43.653831.json,2f3fff753de86d37c52a11efc20eb1737773c6fdca80e3b141c28026da9fabcb
pythia-410m-seed8/step60000/EleutherAI__pythia-410m/results_2024-08-15T22-32-42.846063.json,57d7a75bc37d28254643aff6e250bf6cb03a8d8c79378f10b23d151c5610ce3d
pythia-410m-seed8/step61000/EleutherAI__pythia-410m/results_2024-08-15T22-34-45.116717.json,2be5f6cc717e64e8b55f8a91ca4a4182c325e2b9a2fb400e5c857502ac5beb14
pythia-410m-seed8/step62000/EleutherAI__pythia-410m/results_2024-08-15T22-36-39.471211.json,5d6a76c1cf916da3ffaffae427fbc75d7baf89ab8f40f70545c6a91dff570270
pythia-410m-seed8/step63000/EleutherAI__pythia-410m/results_2024-08-15T22-38-42.047389.json,845944799a8341589621c2ef7fa46e206d6218be8aaf44088bffae254513516d
pythia-410m-seed8/step64/EleutherAI__pythia-410m/results_2024-08-15T20-27-42.459294.json,93347399c33a73924c86b17b5a31bad5a71ac32a4a64de81bc86e266269eb3e8
pythia-410m-seed8/step64000/EleutherAI__pythia-410m/results_2024-08-15T22-40-46.942139.json,3e56dacc175c3c4a4bee34addf9286fe2e930afaab2af7649b7f8d77906a5b70
pythia-410m-seed8/step65000/EleutherAI__pythia-410m/results_2024-08-15T22-42-50.180465.json,b297fbaee9be25a89a1591a76f3b6971153a90a946afcd13de397e23738cc49d
pythia-410m-seed8/step66000/EleutherAI__pythia-410m/results_2024-08-15T22-44-42.937668.json,14dbdf9cdfff1e3620194e62a6df0f7217330b6bb5a04b69c7add47eb28bbfe1
pythia-410m-seed8/step67000/EleutherAI__pythia-410m/results_2024-08-15T22-46-34.372490.json,274a26c81698749ba198e74fe710dfaebfb0f65950638c6368cccc020913528e
pythia-410m-seed8/step68000/EleutherAI__pythia-410m/results_2024-08-15T22-48-28.542507.json,348636c605ded56242fd79a2f9a82bcb2410eed0bbe55823aee357ccd084a007
pythia-410m-seed8/step69000/EleutherAI__pythia-410m/results_2024-08-15T22-50-27.037255.json,9babaaf14d9a3e5f4fb1c7b0de5b8a0fab8f2e9d6e35e70387f97512ea04bded
pythia-410m-seed8/step7000/EleutherAI__pythia-410m/results_2024-08-15T20-47-45.841999.json,f881614aac526e7404b2ef0b11d4b927c6013590660c620cd02bfcc50742ffd1
pythia-410m-seed8/step70000/EleutherAI__pythia-410m/results_2024-08-15T22-52-17.003294.json,77a9af1082d9ad2840577783013f04965011ebf6cefe78bf8c66f53e932f9fdf
pythia-410m-seed8/step71000/EleutherAI__pythia-410m/results_2024-08-15T22-54-13.576812.json,2914bb219ae252ec45e6ac4e15d502b94ea2ead5a446eba53de1ca0223579017
pythia-410m-seed8/step72000/EleutherAI__pythia-410m/results_2024-08-15T22-56-06.872742.json,e7059b82a85c1c6c2deb42c3eb32a0574a9a88837cc3b3f7c79f9d6029aad4e4
pythia-410m-seed8/step73000/EleutherAI__pythia-410m/results_2024-08-15T22-58-03.387251.json,feee8d3ffbd58abc55294278bc5e6a2db619d0462c2d1b361a84009554208a89
pythia-410m-seed8/step74000/EleutherAI__pythia-410m/results_2024-08-15T22-59-53.103234.json,53d6be2b38bd9744755eb2ecd707dd42fe76ea3b9da63468018702e80271fc77
pythia-410m-seed8/step75000/EleutherAI__pythia-410m/results_2024-08-15T23-01-47.151779.json,0f9ca3095b9ec6d2cd393d5e0fe729bdb5046fc60df55fe17df67cebcbbeb738
pythia-410m-seed8/step76000/EleutherAI__pythia-410m/results_2024-08-15T23-03-41.053873.json,2308004f17bfbab5e8dde644cca9060126d0fe68aa292740cbf9f79cc7822098
pythia-410m-seed8/step77000/EleutherAI__pythia-410m/results_2024-08-15T23-05-35.377213.json,78d7aef4122472a19b1d7a3164d481560c506e192c1951b876b3e5be4a794c81
pythia-410m-seed8/step78000/EleutherAI__pythia-410m/results_2024-08-15T23-07-30.233741.json,f053c37b396a8401f3c3eb8f871b8dff5a7c5ea9c18f9067cda619dc4c020c41
pythia-410m-seed8/step79000/EleutherAI__pythia-410m/results_2024-08-15T23-09-23.803195.json,1b0f67d96710209289b2fd95296fddf1cf32dd6e50cc2e15b1f682665c7ec315
pythia-410m-seed8/step8/EleutherAI__pythia-410m/results_2024-08-15T20-22-05.178551.json,b28b14180c278e6a1f525b13d965ce9b0145bf7b25d8a80241f618c8747acf75
pythia-410m-seed8/step8000/EleutherAI__pythia-410m/results_2024-08-15T20-49-44.554357.json,41a4215394bd9b651775d3330dab66bcce85fa8f9126bd1ac87605fb4115a228
pythia-410m-seed8/step80000/EleutherAI__pythia-410m/results_2024-08-15T23-11-16.960504.json,344d2275d88b725c5e25bda00e8d2883f1605bda7b6a63d337571e092d29600d
pythia-410m-seed8/step81000/EleutherAI__pythia-410m/results_2024-08-15T23-13-12.527319.json,36846bbb32efeed85c3782b2c6f2594569a318dc65ccb05c6432d90e67bdfbf1
pythia-410m-seed8/step82000/EleutherAI__pythia-410m/results_2024-08-15T23-15-08.538904.json,277d60ad49a2adc3ec40bf776225feb467aa33c1f715396ff7ffc8aaddbc8330
pythia-410m-seed8/step83000/EleutherAI__pythia-410m/results_2024-08-15T23-17-08.503139.json,c73b629edc7c0985c8a81c670f80f42aaed605d6f0ff6b24f8a2404e8acbfd03
pythia-410m-seed8/step84000/EleutherAI__pythia-410m/results_2024-08-15T23-19-01.112151.json,7d221a058a7267482e69fe8d60356290a171693acb409b2a72221e9e711af146
pythia-410m-seed8/step85000/EleutherAI__pythia-410m/results_2024-08-15T23-20-59.745289.json,0e75c1021ef36a74be429811b5568c15a41e950f33408c20e8b16d3a98292d67
pythia-410m-seed8/step86000/EleutherAI__pythia-410m/results_2024-08-15T23-22-53.017286.json,34f42d5383d935fa96b47b6e193fd4e7dbcb9da3dd197395c21ed25c8dc72482
pythia-410m-seed8/step87000/EleutherAI__pythia-410m/results_2024-08-15T23-24-55.108560.json,f25bc62fb8bcccf13fb03439ee0b4003c48ba1ee7243dd9207909cfd42e796d6
pythia-410m-seed8/step88000/EleutherAI__pythia-410m/results_2024-08-15T23-26-42.560416.json,b39866291e8acbda7f2c98c4f4e6d26150db017a7112cd15e9ac196695517ac3
pythia-410m-seed8/step89000/EleutherAI__pythia-410m/results_2024-08-15T23-28-33.238021.json,b385389354eac4cb522421caf106aa9d2b6ec558ae7c404c4118e049acb8b25c
pythia-410m-seed8/step9000/EleutherAI__pythia-410m/results_2024-08-15T20-51-37.374953.json,480b433ed65fd892bdb37681c9cc0672ff9fcd50698ecb25eb15f9318216fa6b
pythia-410m-seed8/step90000/EleutherAI__pythia-410m/results_2024-08-15T23-30-27.838750.json,b03f31617f4ae9b0ef93b4e7138df0c641b3868ea0c8f84cb080bea2317f2550
pythia-410m-seed8/step91000/EleutherAI__pythia-410m/results_2024-08-15T23-32-21.047148.json,106132b844c804248627e2d9b34b637fb92dec4eb5a1333f3c3038401f91545f
pythia-410m-seed8/step92000/EleutherAI__pythia-410m/results_2024-08-15T23-34-11.456817.json,b234187be344ae012abd522d65b333efb4435142f0a56b629b25eb9ef93dd2d2
pythia-410m-seed8/step93000/EleutherAI__pythia-410m/results_2024-08-15T23-36-03.872211.json,531fb48530b9ac0cff5a41b15404d5b44144f5fa78eda3798f3c0f156f639018
pythia-410m-seed8/step94000/EleutherAI__pythia-410m/results_2024-08-15T23-37-57.856094.json,5364b472edf68055ba2e882f0d8396de2a49a8d7dc33442efa183bc00b78a877
pythia-410m-seed8/step95000/EleutherAI__pythia-410m/results_2024-08-15T23-39-44.292003.json,b31a5572ba4b2e2ca1b4c3a2a5e81fd843deabb7cbc44310571a5e5f2ce79c44
pythia-410m-seed8/step96000/EleutherAI__pythia-410m/results_2024-08-15T23-41-36.046333.json,4ce039c208980b98f334cdadab75e40ba46713f2f23356c4906802edd3e007c7
pythia-410m-seed8/step97000/EleutherAI__pythia-410m/results_2024-08-15T23-43-26.182322.json,9216d56e20a7c1875bdc9dcbd0fcab9c9f9d49e1ce6c80e70c8950c4c656825c
pythia-410m-seed8/step98000/EleutherAI__pythia-410m/results_2024-08-15T23-45-21.832345.json,d026ee871e77b0a9a85fa9984adf2ed962a825a9f79893664b2ff57585395e24
pythia-410m-seed8/step99000/EleutherAI__pythia-410m/results_2024-08-15T23-47-11.624338.json,96a51e1c2d25c5ce71c74013938e9fceb2af90a2f38d1c1ff6f82b6fe6347cee
pythia-410m-seed9/step0/EleutherAI__pythia-410m/results_2024-08-15T22-54-30.145574.json,264c40bd92efaba741e2bbf321bd0c57ba1a4bf45b27452734ae4ad1e68127ac
pythia-410m-seed9/step1/EleutherAI__pythia-410m/results_2024-08-15T22-56-19.162315.json,fb50b5f7d44a932ffb2a5338552c0b575ccd5e89a8de93e890235ed581c3576d
pythia-410m-seed9/step1000/EleutherAI__pythia-410m/results_2024-08-15T23-14-34.551987.json,2859aa3657537ecf96b804231542a8547f9c6f5c35bf6daef44939e4669f95d2
pythia-410m-seed9/step10000/EleutherAI__pythia-410m/results_2024-08-15T23-30-58.430887.json,6d60a138583333cfd4d806b365dc2f76ac35c87bad665933e892b73a0d5e6930
pythia-410m-seed9/step11000/EleutherAI__pythia-410m/results_2024-08-15T23-32-47.250347.json,b7cf0e2e1d2250f3ea39f50ca362186a96c0c7bfbf34728f11070c9ed2795297
pythia-410m-seed9/step12000/EleutherAI__pythia-410m/results_2024-08-15T23-34-35.060138.json,97d90d402b768206e89c9946958cd66115ce23e5c4149f6069f468b44fdd7153
pythia-410m-seed9/step128/EleutherAI__pythia-410m/results_2024-08-15T23-09-07.276285.json,c42227bb7fdb4cf1171e2904355a16fca1594233bedad9820d5ba23c19f38321
pythia-410m-seed9/step13000/EleutherAI__pythia-410m/results_2024-08-15T23-36-24.226812.json,fbbfdb0ed97e9346e53263502c7de320da24cfeb9fc19f3891b77c291b9c6ffc
pythia-410m-seed9/step14000/EleutherAI__pythia-410m/results_2024-08-15T23-38-12.506505.json,1c293212f4f4e4ff207284798dd9b6e65d785e7c1ccd399ee2359ce01d3844f5
pythia-410m-seed9/step15000/EleutherAI__pythia-410m/results_2024-08-15T23-40-01.112599.json,b3dfd0eda2897e17e2e0ac87a6f06cc0e8d72d88c52933f74b493adb77de4c35
pythia-410m-seed9/step16/EleutherAI__pythia-410m/results_2024-08-15T23-03-33.812232.json,c736560f682f3182f158a8c0cb8dee38a917e9ee04869c5575d71bf5b1c2eadc
pythia-410m-seed9/step16000/EleutherAI__pythia-410m/results_2024-08-15T23-41-50.891413.json,491d6a720f39c7fe44f1c106f13e369dd38cdea507714a9c4a02a27acf241122
pythia-410m-seed9/step17000/EleutherAI__pythia-410m/results_2024-08-15T23-43-39.128758.json,a81b02d3dc1543b13e99b4b5b426e3c49a8a0164b739bf69773d1f821e3b1f99
pythia-410m-seed9/step18000/EleutherAI__pythia-410m/results_2024-08-15T23-45-28.576485.json,88715691bde4025cdc01cbc3584f13b60e80b660b9fc5ae81a61f072d601186f
pythia-410m-seed9/step19000/EleutherAI__pythia-410m/results_2024-08-15T23-47-16.515265.json,1bc3f2f7459b447cd4fa64eeb0dedcb91b70f12d14e276039abdf09de7d1631a
pythia-410m-seed9/step2/EleutherAI__pythia-410m/results_2024-08-15T22-58-07.151182.json,add4dd86bf83d965c983d13cca2d2d050e438e61a74cb2cf7a9bdb70639cf5c7
pythia-410m-seed9/step2000/EleutherAI__pythia-410m/results_2024-08-15T23-16-22.130885.json,445f649d38631a360c9864e0509a27b2d0e19cab7dca720aaddb276ab1a15129
pythia-410m-seed9/step20000/EleutherAI__pythia-410m/results_2024-08-15T23-49-04.915276.json,74881981e769e965b04384e1d8b9cb3d6a9443edb6315de5231b72935e046a40
pythia-410m-seed9/step21000/EleutherAI__pythia-410m/results_2024-08-15T23-50-53.083810.json,a1e44e504e263ad69c266e51f20271d3163472f2366e72e94570096a1e0f8a23
pythia-410m-seed9/step22000/EleutherAI__pythia-410m/results_2024-08-15T23-52-40.797953.json,2d61d35e7dba6da9ee5f43f1ea1148aaf6209a3db3e26c47e6de9cb0437fb22f
pythia-410m-seed9/step23000/EleutherAI__pythia-410m/results_2024-08-15T23-54-29.079505.json,3e82c8803c035aa42aebe80a37cb2b059a25b6a179aac90eb3e16b762b694c88
pythia-410m-seed9/step24000/EleutherAI__pythia-410m/results_2024-08-15T23-56-19.027494.json,9626235c60b23cff98c23bc102e485174629929a52ca7b151f4ad8bf89b2a2a6
pythia-410m-seed9/step25000/EleutherAI__pythia-410m/results_2024-08-15T23-58-05.899072.json,7f147743983e3d94846eaac0c113691fcbd6d0436092ffeb44121c2f42f1436a
pythia-410m-seed9/step256/EleutherAI__pythia-410m/results_2024-08-15T23-10-55.069997.json,fe046c210f8c9e66eace3ed6de5b8886ea0ca06bbfed59c6e69ae6d375a7da3e
pythia-410m-seed9/step26000/EleutherAI__pythia-410m/results_2024-08-15T23-59-54.171110.json,0ee84e85d41f28edc2bdf04fa98a7d3ef8fbc581a72d188b9a90837840d96d78
pythia-410m-seed9/step3000/EleutherAI__pythia-410m/results_2024-08-15T23-18-14.509972.json,c197655ffce7de17f2c5ce151bbb377d606efdd57e7e8ed2f7016b01e70b1f8a
pythia-410m-seed9/step32/EleutherAI__pythia-410m/results_2024-08-15T23-05-22.450912.json,4b5480f9df2590e47cebe5f0ed6eee832ded267bafd1389866907bb781237f97
pythia-410m-seed9/step4/EleutherAI__pythia-410m/results_2024-08-15T22-59-56.078358.json,fe55dee7f55afde67a3133abfac7d3ddbe88df54f2911fa4ae0c51f1c7d6a049
pythia-410m-seed9/step4000/EleutherAI__pythia-410m/results_2024-08-15T23-20-05.420105.json,21407e5d2f8a57e95359f0e358feca1de8125e1baa5745d2003a0682147753bc
pythia-410m-seed9/step5000/EleutherAI__pythia-410m/results_2024-08-15T23-21-54.453576.json,db60cafe23c0b04824da16b4214bf69f8dcc489f777b620ca2d9254d735169fe
pythia-410m-seed9/step512/EleutherAI__pythia-410m/results_2024-08-15T23-12-44.646729.json,8be35c58ae91c229feb5fc6f85e7667d5e274212c9a96110179a4247a45528c8
pythia-410m-seed9/step6000/EleutherAI__pythia-410m/results_2024-08-15T23-23-44.002500.json,052bd6d9cec711b842df58e6c007e173a6a82239834a91f051903fa069c0769a
pythia-410m-seed9/step64/EleutherAI__pythia-410m/results_2024-08-15T23-07-13.467977.json,def6240f7f7e001330288198ae8dc10c555a0ac7198693c19b76317c93c468fa
pythia-410m-seed9/step7000/EleutherAI__pythia-410m/results_2024-08-15T23-25-32.727234.json,970e90898d4fc634caef4ace7210c97a6c05dfc9954a849ebf4ca7cc84f8f263
pythia-410m-seed9/step8/EleutherAI__pythia-410m/results_2024-08-15T23-01-46.072909.json,4782e5cb40af1e9bdb87a38004400193877f10a45ba3f0f94cd124e3aac1c794
pythia-410m-seed9/step8000/EleutherAI__pythia-410m/results_2024-08-15T23-27-21.862026.json,1491d5eb249171830b2960ddfe24850c527c376caabfa23a2481a9291d277b2d
pythia-410m-seed9/step9000/EleutherAI__pythia-410m/results_2024-08-15T23-29-09.545354.json,6a8446e92b2cd150acf578c067b47c69059a183aa7bbe91646875343d3c37ca9
